So sad &amp; scary this world truly is. https://t.co/x2LCG9gM1M
Abigail Breslin was never ugly. 
&amp; neither is that dude. https://t.co/DeqvzR6eHV
RT @TheOfficialA7X: Introducing the new Avenged Sevenfold x @ScufGaming controller for PS4 and Xbox. First 25 orders receive a signed posteâ€¦
Terrifying. I hate when I have to last resort using these car services. https://t.co/rqjFoGmgyM
Hm? How would he like it? How would he face it? I can bet anything Iâ€™ve got he couldnâ€™t handle it.
What if I were him &amp; he were me?
Itâ€™s been seven months now &amp; I feel very depressed &amp; a little angry like I want to scream, cry, bleed &amp; lash out on him. Just need him to understand.
The part of the song in Under Pressure when Freddie Mercury goes â€œLALALALALA!!â€ is actually really funny when itâ€™s on the radio played in public places... people just working &amp; shopping then you hear â€œAAAAHHH!!â€ â€œLA LA LA LA!!â€ â€œWhy canâ€™t we just get along, get along...â€ ğŸ˜…
At least it wasnâ€™t raining this morning when on my way to work. So thank God for that. ğŸ˜‡
This dance &amp; song will always remind me of 13 Going on 30. ğŸ˜Š #Halloween https://t.co/x5hhfBFh3Z
RT @NYCMayorsOffice: I hope you didn't put away your light jackets already--today will be partly cloudy with a high of 71 and a low of 55!â€¦
RT @GaryHershorn: The sun rising behind One World Trade Center in New York City Saturday morning #newyork #newyorkcity #nyc @OneWTC @OneWorâ€¦
Um, goals... https://t.co/Hsxpw8sgCH
Amazing &amp; awesome! ğŸ¤©ğŸ˜¯ https://t.co/cxiH8eCHeU
ğŸ¤©ğŸ˜¯ https://t.co/qEH85mHHf5
RT @nycgov: Yesterday, the sun shines on #HudsonYards and the Far West Side at the end of the last day of October. #WelcomeNovember https:/â€¦
RT @LeeGoldbergABC7: Park looking pretty in fall colors. #abc7ny https://t.co/dBIUr0iHsz
RT @GaryHershorn: Brooklyn Bridge and Manhattan Bridge at twilight in New York City
#newyork #newyorkcity #nyc #brooklynbridge #manhattanbrâ€¦
RT @aphilseyeview: #tbt sunrise from the @EmpireStateBldg @NatGeoPhotos @I_LOVE_NY @NBCNewYork @TimeOutNewYork #sunrise #momentofzen https:â€¦
RT @nycfeelings: One World Trade Center ğŸ“¸ matthew chimera photography [Enjoy +images at https://t.co/khxZr3YJ4p] | The Best Photos and Videâ€¦
Today didnâ€™t feel like November 1st, it really actually felt like June 1st.
Itâ€™s really not a walk in the park, I remember when I first started working there man I almost didnâ€™t want to finish the first day... mainly nobody tells you anything, you have to figure out things on your own &amp; look after yourself cause nobody cares. &amp; the locker room is scary..
Thereâ€™s a new employee that came into work in the afternoon &amp; I was trying to train her within the 25 so minutes of work I had left &amp; with that manager we got, recently thereâ€™s been other employees that quit fast, I donâ€™t know if this one will stay &amp; doesnâ€™t get scared &amp;ğŸšª ğŸƒâ€â™€ï¸
An adult at the store grabbed a whole bunch of mini Lunchables &amp; they werenâ€™t even on sale, &amp; it made me almost tempted to get one too.
I love my new clothes, Iâ€™ve been enjoying everything &amp; im so grateful.
Well at least I got food now. ğŸ™
@Avrilsgirlfan Hi, aw ğŸ˜• I had nowhere to go for Halloween &amp; I was off from work. Hoping next year will be my year. ğŸ™
Iâ€™ll try my best to see what I can do about that though.
Itâ€™s a such a beautiful day again today, but Iâ€™m at work this time for another hour &amp; by the time I make it home Iâ€™m going to have to sacrifice enjoying the weather by the water cause I need to get groceries...ğŸ˜” No dock for me today... &amp; tomorrow supposedly rain.
We werenâ€™t even open for business yet &amp; that woman confirmed what the girl was talking about how she donâ€™t want to stay stuck working here with such close minded selfish no class people...
A coworker told another who was talking to me â€œOh why donâ€™t you just be quiet!â€ â€œStop talking!â€ &amp; that terrible woman caught the wrong person... because that girl can speak up she donâ€™t take shit, &amp; I decided is best for me to walk away. Goes to show how people are in this place.
RT @nycgo: Roosevelt Island at daybreak. ğŸ“·: @ulfrik via IG https://t.co/Ef2tKE5jqa
RT @nycgov: Late night in Columbus Circle. #OctoberinNYC https://t.co/vSSiSpW6I6
ğŸ˜¯ğŸ¤© https://t.co/02NyLKSGkN
RT @LeeGoldbergABC7: The @EmpireStateBldg lit for Halloween. #abc7ny https://t.co/pVGCJeUeb1
RT @agreatbigcity: Tonight's @EmpireStateBldg lights: in honor of Halloween. ğŸƒ https://t.co/OBpvAF3TbK https://t.co/KEWh7E6E9H
RT @FlyNYON: Happy Halloween from the NYON Team ğŸƒğŸ•·

Have a safe and spooky night! ğŸ‘»
#Halloween2018 https://t.co/NrRfP8Uroo
RT @LeeGoldbergABC7: Halloween sunrise at 7:25am. #abc7ny #earthcam https://t.co/fEpC5VxVqQ
RT @nycgov: This afternoon in #Tribeca. #NYConthemove https://t.co/GlE0pJDjjY
RT @MickmickNYC: Live videos from the Village Halloween Parade will be available on my Facebook page through the day. Happy Halloween ğŸ‘»ğŸ’•
#nâ€¦
RT @NYCONLY: The New Yorker https://t.co/DewjvqMUwS
RT @GaryHershorn: Sunset glow in New York City tonight #newyork #newyorkcity #nyc @OneWTC @agreatbigcity #sunset #hudsonriver @_HudsonYardsâ€¦
RT @GaryHershorn: Gotham was glowing when the sun set on Halloween night In New York City #newyork #newyorkcity #nyc @OneWTC @OneWorldNYC @â€¦
RT @nycgov: Today #inBrooklyn: October sunset. (ğŸ“·: â¦@_joannaphotoâ©) #CityofDreams https://t.co/EgqCwmHfPA
RT @rtanphoto: Itâ€™s Hallo-scream!!! ğŸ‘»ğŸƒğŸ‘» #nyc #newyorkcity #Halloween18 #HappyHalloween #Halloween @nycfeelings @ThePhotoHour #timeoutnewyorâ€¦
RT @nycgo: Happy Halloween, from #BooYorkCity! ğŸ‘»ğŸƒğŸ—½ Photo: @cdowney11 via IG https://t.co/M3fOUmjnyQ
RT @NYonAir: Happy Halloween from your friendly neighborhood Spider-Man! ğŸ•·

The NYON Team wishes everyone a happy and spooky holiday! ğŸƒ
#Haâ€¦
RT @nycfeelings: Fall at the Flatiron District [Enjoy +images at https://t.co/Yyse27Xk9a] | The Best Photos and Videos of New York City. htâ€¦
Imagine this happens in real life! ğŸ˜® https://t.co/MxkkyKND0e
I wish I dressed up, I was going to be Avril in her Sk8r Boi video. https://t.co/QsuVUFSkHd
RT @hellokitty: Hello #Halloween! https://t.co/W1vBpPRLIS
Even his father who he said yelled at him a lot. His father owned a pizza shop &amp; I wish I got to try that too.
I really seriously wish I met his family.
He has tattoos. Among them is one big one for his deceased mother. Another for one of his oldest deceased brothers.
I wish he will tell me someday about his two oldest brothers who are deceased.
Ordered pizza but they not only took over an hour but they wanted me to wait another half hour so I had to cancel &amp; not ended up not having a meal to eat... So uh... no friend &amp; no pizza today. ğŸ˜
#Halloween18
For #Halloween some of the posts on here tonight turn into a laughing pumpkin when you â€˜likeâ€™ or â€˜heartâ€™ it, if you will.
I was his first #trickortreat er this year. ğŸ™ˆ
#TrickOrTreat
#HappyHalloween This is from his little  bucket of candy he left outside. So I guess you can say I went trick or treating... ğŸ¤·ğŸ»â€â™€ï¸ https://t.co/nuHip8oWnS
Iâ€™m happy &amp; thankful I turned myself around to get out there &amp; take care of my responsibility. I was going to give in &amp; just delay it as Iâ€™ve done &amp; just come down to the water in hope to see him here but I tried another reading &amp; it makes sense again! I get it &amp; leave it to God.
Halloween just feels &amp; is just another day, itâ€™s actually sad, but the weather is beautiful (except for this cold wind) so of course Iâ€™ve been at the water again.
This is going to suck ğŸ˜”ğŸŒŒ https://t.co/0YQhscGiXL
Amazing &amp; â€œwickedâ€ awesome. ğŸ˜¯ğŸ¤©ğŸ’š https://t.co/vBr7zzXg8J
RT @LeeGoldbergABC7: Spectacular sunny view of Ellis Island, Statue Of Liberty, And Bayonne. #abc7ny https://t.co/awBp1zCi4Z
RT @LeeGoldbergABC7: Today's sunset was at 5:55pm. #abc7ny #earthcam https://t.co/MX8Hjr1vWk
RT @mrouleauquinn: Gorgeous day to take in the beautiful sites of Central Park @CentralParkNYC https://t.co/MYAGp9gMD2
RT @nycgov: Midtown and the Williamsburg Bridge. #CityofRivers https://t.co/23hDUsZenb
RT @nycgov: Sunset on One WTC, 6:12 p.m. #AlwaysNYC https://t.co/tbhOrVgYD0
RT @EmpireStateBldg: 'Witch a ride to the top of the #EmpireStateBuilding tonightâ€”weâ€™re glowing green and white for the 15th anniversary ofâ€¦
RT @nycfeelings: Itâ€™s fall season in Central Park ğŸ“¸ @jackdarylphotography [Enjoy +images at https://t.co/yBFbLUf9IV] | The Best Photos andâ€¦
RT @nycgo: Always a spectacular view. ğŸ“·: @robert_sinclair95 via IG https://t.co/qbmQDJ9AOK
RT @NYCONLY: Rockefeller Plaza #30rock #nyc https://t.co/sTKRLVdT7U
RT @Kostennn: Name a city with more perspectives. https://t.co/m7SD8ymxhE
RT @ScotPilie_Wx: Stunning "fogbows" across Acadiana this morning! Fogbows are often whitish and caused by the small droplets inside fog raâ€¦
RT @nycgov: Last night in Midtown West. #AlwaysNYC https://t.co/3tTLpZVI4j
RT @XboxGamePass: Installing Pumpkin patch ğŸƒ
â–ˆâ–ˆâ–ˆâ–ˆâ–ˆâ–ˆâ–ˆâ–ˆâ–ˆâ–ˆâ–ˆâ–ˆâ–ˆâ–ˆ] 99%
RT @UniStudios: Great, looks like the cafeteria is packed. Where should we go for lunch? #TWDAttraction https://t.co/xKvSWyYJCv
RT @MrOwl: ğŸ•¸ğŸŒ™âœ¨â˜ ï¸ğŸ‘»ğŸƒğŸ”® https://t.co/pIC4uyeQG9
RT @Applebees: If you ever see a zombie that doesnâ€™t look like a cocktail with a gummy brain on top, lace up those sneakers and run like thâ€¦
Yesterday totally confirmed that. So does that honestly speaking mean he thinks about me? 
Why would he go to the exact place the day after we spoken?
It is because he thinks about me? Why else? Of all days &amp; stores, he goes shopping to the one I mention to him of... câ€™mon? ğŸ˜¶!!
I noticed a pattern, whenever I mention a store to him, the next day he goes shopping there! He comes home with bags from the exact store &amp; location I had mention to him when we last would speak... first I thought it was coincidence but this is now a few times heâ€™s done this! ğŸ§
I heard his door slamming a few times, of course he slams his screen door so careless &amp; a loco &amp; I happen to only spot him back his Mitsubishi here to unload his shopping that lucky bastard, he got himself big case of Great Value bottled water &amp; a new TV or computer screen...ğŸ¤”
He went to Walmart yesterday, the day after he has seen me &amp; I put in effort to converse with him to try to connect with my buddy, well I mean we live next door so weâ€™re stuck seeing each other sooner or later. I told him I was going to try to go there, next day he did too! ğŸ§ğŸ¤¨
I am depressed. I just want peace &amp; reconciliation.
Can God blame me for feeling angry? 
Can anybody blame me for feeling angry? 
Anger is the rarest/last emotion I would ever feel. Iâ€™ve rarely ever have gotten to the point of being mad, but since this betrayal &amp; abandonment by my friend, I havenâ€™t been myself in such a long time
The silence between us is deafening.
A year later no costume, rain, no friend. Dumb selfish old man sat outside by himself barefoot same chair same solitaire same cigarettes, the silence between us is deafening. I miss my buddy. He isnâ€™t the same person I met 13 months ago, he isnâ€™t the friend I had a year ago...ğŸ’”
I remember a year ago today, I went to throw out garbage in my costume &amp; he was sitting outside, it was raining &amp; we talked &amp; I clearly remember kneeling down by our doors getting splashed by the rain when he offered to go in his car to talk...now a year later Iâ€™m so disconnected
I went out even yesterday to grab a few items to dress up for my costume but ended up returning everything quick, realizing &amp; accepting its just not going to happen for me esp since Iâ€™m off work tomorrow &amp; Iâ€™ve got nowhere else to go to dress up for.
Iâ€™m most definitely disappointed &amp; very sad I donâ€™t have a reason to dress up tomorrow. For the past two years I did for work but now this year reality/life fell apart on me &amp; I can barely hang in there &amp; there goes the only day I can wear my Tripp pants in public...
Fuck the feelings, itâ€™s my soul that got hurt &amp; thatâ€™s the absolute worst. Unbearable mental pain. Why did this have to happen between us for?...
I feel a void in my stomach. I donâ€™t know what made it feel so like... unsettled.
Iâ€™m now at the water, the ocean is absolutely beautiful &amp; sparkling today thanks to the sun. Itâ€™s cold &amp; windy but itâ€™s tolerable &amp; too nice to miss out.
God is good, I made it to the commute that gets me home. I was so concerned I was going to miss it &amp; have to haul a ride somehow.  How did I make it in a matter of about 10 minutes in a long distance drive, only the Lord made it possible.
I leave work in an hour! I love these shifts. Gimme all of them. ğŸ˜ŠğŸ˜‡
RT @NYCMayorsOffice: Tonight the Empire State Building will remain dark in remembrance of the lives lost at Tree of Life synagogue in Pittsâ€¦
RT @nycgov: The George Washington Bridge seen from 153rd Street. #Uptown #AutumninNYC https://t.co/03aMPMiK78
RT @nycgov: This afternoon: Downtown clocks (only the one on top of the @ConEdison Building seems to be working!) #AutumninNYC https://t.coâ€¦
RT @nycgo: What to do in BOO York Cityâ€¦ ğŸ‘»ğŸƒğŸ—½ https://t.co/j1rddLK8rW
RT @MichaelsStores: This new collection from @JaneDavenport is giving us ALL the whimsical feels âœ¨ P.S. You can shop the entire collectionâ€¦
RT @nycgo: Grand Central Terminal with the Chrysler Building in the background. ğŸ“·: @ice_kad via IG https://t.co/ghLeNQG3T2
RT @LeeGoldbergABC7: Sprinkle over Jackson Heights #abc7ny https://t.co/waM3x6C81t
RT @LeeGoldbergABC7: Look for Jupiter near Mercury in the SW sky early this evening. #abc7ny https://t.co/FZyMKnQL3E
RT @GaryHershorn: One more from Sunday night's sunset in New York City where it looked as if daytime turned into nighttime as the sun set oâ€¦
RT @nycgov: Overcast skies at noon on Greenwich Street. (ğŸ“·: lcabrera) #LowerManhattan #AutumninNYC https://t.co/tF9nLkrsaJ
RT @EmpireStateBldg: Weâ€™ve brewed up some spooktacular vibes to prep you for #Halloween: a throwback to our 2015 Halloween music-to-light sâ€¦
RT @GaryHershorn: Another night of beautiful light along the Hudson River at sunset in New York City tonight #newyork #newyorkcity #nyc @Onâ€¦
RT @LeeGoldbergABC7: Today's sunset is at 5:56pm. Next Monday's sunset is at 4:48pm. #abc7ny #earthcam https://t.co/WIedASj4wf
RT @SianTravis: Wet windy &amp; wild in NYC but itâ€™s all good ğŸ’¨ ğŸŒ§ â˜”ï¸ #imbritish #nyc #dumbobrooklyn @StormHour @ThePhotoHour @NY1weather https:â€¦
RT @NYCDailyPics: Manhattan by @GaryHershorn #newyork #nyc https://t.co/Lj7PQ8CRB3
RT @Kostennn: Manhattan is a special place. https://t.co/BqEjdnhnSP
RT @nycgo: Stand clear of the closing doors, please. Let's get this week rolling. ğŸš‡ğŸ—½ Happy Monday! ğŸ“·: @sigaojoao via IG https://t.co/Qn3odoâ€¦
RT @bbpnyc: Taking in the fall colors on Pier 6. #FallforNYC https://t.co/ocSFm21utu
RT @nyclovesnyc: One of the twin houses on Commerce Street, West Village, Manhattan https://t.co/2RHkQcdSKC
RT @HudsonRiverPark: Our four green miles along the Hudson are growing golden. â˜€ï¸ğŸ§¡ğŸ‚ Where is your favorite place to admire autumn colors inâ€¦
RT @nycgov: Good morning from Manhattan Avenue. #HalloweenWeek #MondayMotivation https://t.co/9OVNXkdUAa
RT @GaryHershorn: Great light across parts of Manhattan tonight at sunset on grey day in New York City.
#newyorkcity #nyc #newyork @empiresâ€¦
RT @rtanphoto: Not Soo Scary Halloween Decor at Upper East Side, Manhattan ğŸ‘» #HappyHalloween #Halloween #newyorkcity #nyc #Manhattan #Halloâ€¦
RT @KellyrKopp: Halloween Floatilla in Central Park ğŸƒğŸƒğŸƒ https://t.co/hoYZDq6bsC
RT @ABC: ERUPTION: Stunning video shows arcs of lightning flashing within lava, smoke and ash spewing from Indonesiaâ€™s Krakatau volcano. htâ€¦
RT @nycfeelings: The Chrysler Building ğŸ“¸ Chris Nova [Enjoy +images at https://t.co/8ze8dQWxob] | The Best Photos and Videos of New York Citâ€¦
Too much silence between us.
Too much distance between us.
Too much pain for me.
I miss my buddy. Why is it taking this long? Iâ€™m not asking for the world.
One year ago at this very time we were friends, he cared about me like nobody would believe, it was so sweet &amp; kind. I never even had to ask it wanted or expected, it was all him being a friend. We spent hours all night talking outside our doors... 7-11 was our fave spot to go to
The emptiness, loneliness, depression &amp; broken heart has consumed me. I feel guilty &amp; I blame myself for everything &amp; for him pushing me away &amp; not caring about me.
Why is there too much unrighteousness?
Why isnâ€™t that enough? What is wrong?
I gave him space, I left him alone, I stopped going out to try to talk to him. I went m.i.a for weeks &amp; do you understand how extremely difficult that is to do esp living next door?! Heâ€™s my friend I miss him to death &amp; he lives next door &amp; I let him be! What else does he want?!
I canâ€™t keep doing this. What is the point? Where is my light? When will it be my turn in life? Why is God silent when you need him most? What is going on? Why is this even happening? Why is this still happening? Why is it so hard for him to just T A L K to me? I miss him, damnit
I havenâ€™t been myself these past six months, now itâ€™s about to be November &amp; I feel so dead. I canâ€™t go through the winter alone. I donâ€™t want to, I canâ€™t stand it, I despise thinking how I had to deal with this summer, it was so horrible &amp; wasteful. I feel badly depressed &amp; dead
Tried to find ways to stop the pain but ended up getting too late &amp; I feel so empty &amp; faded away... like forgotten &amp; as if Iâ€™m drowning &amp; nobody notices anything wrong.
Lost hope. ğŸ’”
Sadly itâ€™s hard coming to the water nowadays after what happened in the restroom. Iâ€™m not going to spend too much time at once here, will have to come back later.
Wow my playlist was rockin this morning song after song! ğŸ¸ğŸ¥ğŸ¤ğŸ§ğŸ¼ Thanks for that, yâ€™all. ğŸ˜Œ
I need love.
RT @EmpireStateBldg: In sympathy for the victims of the attack in Pittsburgh, our tower lights will go dark tonight. Our mast will displayâ€¦
RT @NYCDailyPics: Manhattan by @DezSantanaPhoto #newyork #nyc https://t.co/Wn61z8DKug
RT @NYCDailyPics: Brooklyn Bridge by @maximusupinNYc #newyork #nyc https://t.co/UCUlYn9yEN
RT @nycgov: Waiting for the #7 train in Queensboro Plaza. #inQueens #gettingcolder https://t.co/OB96XIXnT6
RT @nycgov: #OldGlory on City College. #UpperManhattan https://t.co/p4kMXyeGFK
RT @NYCONLY: Streets of New York https://t.co/5GBLp68AAs
RT @nycfeelings: Brooklyn Bridge, NYC ğŸ“¸ @jssilberman [Enjoy +images at https://t.co/RMeifbICcL] | The Best Photos and Videos of New York Ciâ€¦
RT @TomKaminskiWCBS: From @wcbs880 #Chopper880: "So you are a star..." 10.19.18; #NYC; @EmpireStateBldg; #HudsonBrothers; #MarkHudson httpsâ€¦
RT @nycgov: #ThisWeekinNYC: At the 46 St station in Sunnyside.  #inQueens https://t.co/QeyI5nkufH
RT @NYCONLY: The city that never sleeps https://t.co/4T2fn8u1Ao #nyc
RT @gigi_nyc: You look so pretty today @CentralParkNYC #NewYorkCity #CentralParkFoliageWatch ğŸƒğŸ‚ğŸ https://t.co/ZJz1gfQ5Ck
RT @nycfeelings: Flatiron Building, NYC [Enjoy +images at https://t.co/8YJvqr2OjA] | The Best Photos and Videos of New York City. https://tâ€¦
RT @nycgo: Sunset over Manhattan, photographed looking downtown from Central Park. ğŸ“·: @bklyn_block via IG https://t.co/6iYVOZX5B6
RT @NYCONLY: Good Morning #NYC! https://t.co/cBUmdOs8MM
RT @nycgov: At noon in DUMBO. #CityofBridges https://t.co/hx0MxshWAL
RT @rtanphoto: Christmas cames before halloween. Winter Village at Bryant Park opens yesterday for the season. Enjoy the holiday shops, fesâ€¦
RT @nycfeelings: New York City ğŸ“¸ mindz.eye [Enjoy +images at https://t.co/aUVXaiNtNQ] | The Best Photos and Videos of New York City. https:â€¦
RT @KellyrKopp: New York City Brownstones âœ¨ https://t.co/SjpAQ6YlkP
RT @NYCONLY: Central Park https://t.co/InGxl7Cfjx
Plenty of people have my number but never reach out to me... ğŸ˜”
My friend seriously broke my heart &amp; hurt my soul because he wonâ€™t speak to me. I canâ€™t get through to him. It hurts &amp; I feel like giving up. I hate myself for it too. I just blame myself &amp; I am so sorry I feel that I ruined everything. I need him. I miss him. I still care. ğŸ’”ğŸ˜¢
I saw him today, I was trying my best not to let him see me but when I went to take out my garbage he came out to sit with his phone &amp; I decided ok... fine just go along with it, dear Lord I miss him why wonâ€™t he communicate with me, I feel depressed &amp; hopeless. I waited too long
I miss my friend, Abba Fatherâœï¸ Iâ€™m only asking that he talks to me again. Not asking for favors, not asking for him to buy me anything or give me anything or even take me anywhere. I never even did to begin with, ever, all those times spent together was all his planning &amp; ideas.
I love the pajama pants I just bought, I needed a pair &amp; very thankful I found these cool ones! ğŸ™
I would never want to be a parent unfortunately because of how scary &amp; dangerous this world is especially nowadays to bring any children into this dark sick world. Personally not me. Sadly because I feel Iâ€™d be an awesome sweet mother but not while too mucb evil happening.
Little kids with bad behavior is so awful, of course the parents are to blame if you donâ€™t raise them right they donâ€™t know better, a little girl about 3 on a long line at the register said â€œget out of my wayâ€ when her mom told her â€œLetâ€™s go, Alexaâ€ No Alexa, you say â€œexcuse meâ€!
Very nice ğŸ˜¯ğŸ¤© https://t.co/ZLEFTDQGEc
RT @nycgov: City Hall in Your Borough Wrap Up: Staying fit #inQueens. #mostdiverseplaceonEarth https://t.co/4pj0zfycFj
RT @NYCDailyPics: One WTC by @TomKaminskiWCBS #newyork #nyc https://t.co/TvYyJyC00D
RT @NYCONLY: NYC Skyscrapers #bryantpark https://t.co/p6cwkwoOX3
RT @NYCDailyPics: Empire State Building by @following_nyc #newyork #nyc https://t.co/dkO0YZAcJO
RT @nycgov: Early evening yesterday in Hudson Yards. #RainyWeekend #HalloweenWeekend https://t.co/PHjH9CnDpx
RT @NYCDailyPics: One WTC by @following_nyc #newyork #nyc https://t.co/uPD6TKo618
RT @NYCDailyPics: New York by @following_nyc #newyork #nyc https://t.co/xuzkrlJh2C
RT @NYCDailyPics: Times Square #newyork #NYC today https://t.co/UDTioj7E7j
RT @nycgov: #ThisWeekinNYC: The Queensboro Bridge and the Roosevelt Island Tram. #CityOfRivers https://t.co/h7KRKsVDTJ
RT @NYCDailyPics: Washington Square Park by @rtanphoto #newyork #nyc https://t.co/e8jaG3OWcc
RT @nyclovesnyc: The Mall in Central Park in the middle of todayâ€™s first fall norâ€™easter https://t.co/OxRkxUfkA9
RT @EmpireStateBldg: Simply iconic.

ğŸ“·:  shubhamphotography on Instagram https://t.co/sSbIdTWlkL
RT @NYCONLY: Empire State Building https://t.co/K22MmViHyu
RT @NYCDailyPics: Manhattan Skyline by @rtanphoto #newyork #nyc https://t.co/gwmQVj87S0
RT @DezSantanaPhoto: NYC Completes Me 

@FlatironNY @NYC @discovering_NYC @yourtake
#NYC #NewYork #Night https://t.co/Mfl605diFH
RT @nycgov: #NYCstreetlife: On 103rd Street and Roosevelt Avenue #inQueens. #NYCneighborhoods https://t.co/Aw2oicFhyi
RT @KellyrKopp: Central Park âœ¨ https://t.co/gtcbiBHZjJ
RT @nycfeelings: West Village, NYC ğŸ“¸ @another_part_of_newyork [Enjoy +images at https://t.co/TfEvNqEdBY] | The Best Photos and Videos of Neâ€¦
RT @rtanphoto: Domino Park at Williamsburg, Brooklyn #NewYorkCity #NYC #empirestatebuilding #sunset #dominopark #waterfountain @nycfeelingsâ€¦
RT @nycgov: Last night in #ColumbusCircle. #NYCbyNight https://t.co/Hlf0mGSMRm
RT @NYCDailyPics: Empire State Building by @DezSantanaPhoto #newyork #nyc https://t.co/X6o9dJ17lf
RT @NYCDailyPics: Empire State Building by @EmpireStateBldg #newyork #nyc https://t.co/LHdHrh4PDH
RT @nycfeelings: One World Trade Center ğŸ“¸ Paul Seibert @pseibertphoto [Enjoy +images at https://t.co/7fD3yhgdyo] | The Best Photos and Videâ€¦
RT @NYCDailyPics: New York by @rtanphoto #newyork #nyc https://t.co/ozdqdNVs5d
RT @GaryHershorn: Last night's moonrise over lower Manhattan and One World Trade Center in New York City #newyork #newyorkcity #nyc @agreatâ€¦
RT @GaryHershorn: Moonrise over the Empire State Building and Hudson Yards in New York City and Hoboken in New Jersey #newyork #newyorkcityâ€¦
Kinda had hope &amp; inspiration about Halloween but apparently wouldnâ€™t get my order on time for Wednesday so Iâ€™m very sad itâ€™s a no go for me this year... ğŸ˜Ÿ
I couldnâ€™t go out today at all due to the norâ€™easter, &amp; my so called â€œfriendâ€ next door doesnâ€™t talk to me still &amp; breaks my heart. Not even that other neighbor who likes to claim weâ€™re friends &amp; gives hugs &amp; kisses but being an actual friend she a stranger too, nothing but fakes
Just let me die already. Please.
The only person who talked to me at all today not only just texted me but yelled at me &amp; got pissed because I didnâ€™t respond right away, it was only a half hour &amp; I didnâ€™t speak to anybody nobody called nobody came over, I just got a pointless text that resulted in anger at me ğŸ˜”
At least Iâ€™m still connected to his WiFi, right? Right? ğŸ¤·ğŸ»â€â™€ï¸ğŸ˜‡
Why do the bad selfish people get everything someone could need &amp; want happen for them? they get the luxury &amp; life seem to work out for them for? but the good humble people suffer &amp; get left out &amp; struggle? Dear God, why? What is this unrighteousness about? God, itâ€™s my turn now!
He really went shopping I see as heâ€™s been suddenly wearing all these new clothes everyday... he has no idea how lucky he is &amp; it hurts to see him have everything happen for him &amp; he is still this bitter selfish cold soulless ungrateful zombie..I donâ€™t understand. I want justice!
I donâ€™t want to reach out to him first cuz every single time I have these past months hasnâ€™t been effective, it really didnâ€™t help me or us at all it only pushed him away further unfortunately. Itâ€™s extremely difficult to keep distance but I wait on Godâ€™s plan, let go let God.ğŸ™
First try on a tarot reading freaked me a little how accurate it felt &amp; was with everything mentioned... but it leaves me wondering why then is he not trying to reach out to me in any which way or form? Iâ€™m right here, dumb idiot! just call or knock or ring... he complicates it!
RT @vansgirls: That fall feeling ğŸ‚ ğŸ“·: Julie Denby https://t.co/GgnTS0lhZ9
RT @FoodNetwork: You say Blood Orange, we say Vampire Punch: https://t.co/yL4DaZQubg! ğŸ’‰ #GingerbreadShowdown https://t.co/iSf34yjy1U
RT @EmpireStateBldg: Our tower glows in blue &amp; yellow tonight for @afterschool4all &amp; #LightsOnAfterschool. #AfterschoolWorks https://t.co/Râ€¦
RT @GaryHershorn: Last night's sunset in New York City from Liberty State Park. #newyork #newyorkcity #nyc @EmpireStateBldg #libertystatepaâ€¦
RT @nycgov: On 49th Street and 6th Avenue. #NYCbynight #RockefellerCenter https://t.co/ymQNtasZKA
RT @NYCDailyPics: Times Square #newyork #nyc today https://t.co/DMYsxMFI3Y
RT @nycgov: NYC yesterday and today: At the IRT Powerhouse on 59th Street. (ğŸ“·: ereed) #alwaysNYC https://t.co/ahVn8nLyPT
RT @nycgov: Early evening on the @EmpireStateBldg and Met Life Building. Have a great weekend, NYC! https://t.co/40IlVMbPvq
RT @nycgo: Midtown Manhattan at night. ğŸ“·: @eric_haussmann via IG https://t.co/TB1ZcCmREF
RT @DezSantanaPhoto: No Time To Lose â³

@NYC @discovering_NYC @yourtake
#NYC #NewYork #NikonD850 #Night https://t.co/Ek5SdGctIo
RT @nycgov: Meanwhile, last night on Boulevard East ... #cityofdreams https://t.co/lMOTbmSGCa
RT @isardasorensen: Deep blue skies &amp; splashes of pretty autumn color in #NYC's Central Park today. #fall #foliage https://t.co/7toYeAQsVc
RT @EmpireStateBldg: Tacos &amp; tequila make for the happiest of hours ğŸŒ®ğŸ¹ Drink specials start at 4pm at our ground floor @Tacombi!

ğŸ“·: @eyeseâ€¦
RT @LeeGoldbergABC7: Sunrise (7:19am) and Seven Day #abc7ny #earthcam https://t.co/6qDE2525xD
RT @nycgov: Now on Liberty and West Streets in the World Trade Center. #Downtown #AutumninNYC https://t.co/DpqtB83dj9
RT @EricEDunn: Wandering around in the darkest hours of the night.  The Empire State Building is lit blue &amp; yellow for @afterschool4all &amp; #â€¦
RT @KellyrKopp: New York City BrownstonesğŸƒâœ¨
#nyc #NewYorkCity https://t.co/TjKiOtJl23
RT @nycgov: This chilly morning on the Upper East Side and the Ed Koch Queensboro Bridge en route to City Hall in Your Borough #inQueens! #â€¦
RT @nycgo: Rooftop views in the South Village. ğŸ“·: @adriram_  via IG https://t.co/x9DSdzEWbj
RT @nycfeelings: Chelsea Market, NYC ğŸ“¸ @karcik_koom [Enjoy +images at https://t.co/aP23iaUBvf] | The Best Photos and Videos of New York Citâ€¦
RT @rtanphoto: Bethesda Fountain during fall at Central Park #CentralPark #NYC #NewYorkCity #FallforNYC #fall #fallfoliage #autumn #bucketlâ€¦
RT @BayStBull: Journey to NYC and visit these slightly under-the-radar, insider-recommended finds  that stand apart from the cityâ€™s touristâ€¦
Iâ€™m hopeless. I canâ€™t keep living hopeless.
My soul hurts. I so badly want to give up.
Heartbroken. Betrayed. Hurt. Remorseful. Sorry.
Iâ€™m both. I donâ€™t know how Iâ€™m so Dean  here &amp; Iâ€™m most certainly Seth right there at the same time... https://t.co/wUhOMWwccL
Where is God? Iâ€™ve been screaming in pain!
Broken hearted &amp; crushed in spirit.
RT @nycgo: The R train at Court Street in Brooklyn. Happy Monday! All aboard another week! ğŸ“·: @christian.r.stadler via IG https://t.co/0fH8â€¦
RT @nycgo: Looking west along 32nd Street from near Fifth Avenue. ğŸ“·: @zuckerandspice via IG https://t.co/tpKNXVtUOX
RT @nycgo: ğŸ¦ğŸ“šğŸ¦ The Rose Reading Room in the New York Public Library's Stephen A. Schwarzman Building. ğŸ“·: @irene.dny via IG https://t.co/ujPâ€¦
RT @rtanphoto: Waverly Diner at West Village #NewYorkCity #NYC #westvillage #diner #nightphotography #neon #empirestatebuilding #manhattanâ€¦
RT @nyclovesnyc: Countdown to Halloween. West Village, Manhattan https://t.co/HORLP6SKoL
RT @TheBoweryHouse: Fresh new street art! 

Artist @kobrastreetart recently finished this tribute to Rock 'n' Roll greats on the #LES. Itâ€™sâ€¦
RT @TheSeaport: Downtown golden hour. âœ¨ğŸŒ‡(ğŸ“·@tomjauncey) https://t.co/JVW2acNGEQ
RT @nyclovesnyc: Pumpkin patch in midtown Manhattan https://t.co/dOt7BZRJlM
RT @rtanphoto: Twilight at Brooklyn Bridge Park #CentralPark #NewYorkCity #nyc #brooklynbridge #twilight #nycgo   #WTC #sunset @nycfeelingsâ€¦
RT @nycfeelings: Helmsley Building, NYC ğŸ“¸ @following_nyc [Enjoy +images at https://t.co/P4YchgfYsE] | The Best Photos and Videos of New Yorâ€¦
RT @LeeGoldbergABC7: Sunset is at 6:01pm. #abc7ny https://t.co/6tnuRCPRQd
RT @LeeGoldbergABC7: Lots of sun, brilliant blue sky over Lincoln Square #abc7ny https://t.co/IAcxQLB2uJ
RT @nycgov: Morning on the #7 train and the rising skyline of Long Island City #inQueens. #NYCrises #ThursdayMotivation https://t.co/yhtCvVâ€¦
RT @following_nyc: "Follow the yellow brick road." E. Y. Harburg
#colors #yellow #street #newyork #newyorkcity https://t.co/4rrAf3fAl7
RT @nycgov: Rhapsody in blue: #Midtown East at 3:23 p.m. #CityOfGlassAndSteel https://t.co/1jeN8B9mAJ
RT @nycgo: A beautiful sliver of a view across Manhattan. ğŸ“·: @kevinwonka via IG https://t.co/jkqnwBBF9D
RT @maximusupinNYc: Tonight's sunset skies over Manhattan from Queens, NY #NYC https://t.co/p4mWNzqKtu
RT @GaryHershorn: Tonight's moonrise behind One World Trade Center and lower Manhattan in New York City. The picture was taken from approxiâ€¦
Rock on, HK ğŸ’€ğŸ’œ https://t.co/HI8wrzqpkP
RT @linkinpark: The album that started it all. Hybrid Theory was released 18 years ago today. 

https://t.co/uC7H2KyZl9
RT @nycgov: Tonight in City Hall. #NYCGoPurple #DVAM2016 https://t.co/HM9lP8D5u8
RT @LeeGoldbergABC7: Stunning view of NYC on a crystal clear moonlit night. Can you name the bridges in this view? #abc7ny https://t.co/oOUâ€¦
RT @nycgov: Rising up: Late night in the Chrysler Building. #NYCspirit https://t.co/BvWydeUWM7
RT @mark_tarello: WOW! Full Hunter's Moon seen tonight from New York City, NY. Photo credit: Jennifer Khordi. https://t.co/T0rUCgDZz6 #Moonâ€¦
I hope not, I donâ€™t want to hear or see the S word... https://t.co/heTzfF9l41
Why did he do that? ğŸ¤” He left me his store fliers &amp; junk mail in my mailbox yesterday but I just realized earlier tonight that theyâ€™re from last week? Why did he keep them &amp; decided only yesterday to give them to me? Why did he hold off on it? He didnâ€™t do that before. ğŸ¤¨ğŸ§ğŸ˜•
Now I want camouflage pants... ğŸ˜•
He got camouflage pants now too. Heâ€™s got all these new clothes suddenly... a bunch of new clothes, new mattress, new car. How is this happening for someone without a job?
2018 summed up for me: https://t.co/YqPbsInAKN
He kicked his bro out after months &amp; months of trying to get him to leave, &amp; one night he left &amp; he still had the nerve to talk shit about his bro to his bestie &amp; apparently they keep in touch cause his bro still comes over to pick up mail, so why is he not talking to me still?ğŸ˜”
He talks to his sister, who he absolutely in total seriousness said heâ€™s done with her &amp; not speaking to her anymore. But now he is he went to her house, so he talks to his brother he talks to his sister, he talks to the neighbors &amp; everybody else, so why doesnâ€™t he talk to me?ğŸ’”
I just spared a stranger the horror of having to encounter the repulsive mess in the womenâ€™s restroom. Just use the menâ€™s restroom here... unfortunately people here have no consideration or thought for others. &amp; no Iâ€™m not going home because the docks is my only hangout.
I canâ€™t deal being in this world anymore. No humanity. No respect. I wish I can get out of here already.
I canâ€™t even anybody that works out here so they donâ€™t think it was me! So they donâ€™t wonder why I went to the menâ€™s restroom... dumb bitch I hope shit like that comes back to her cause thatâ€™s beyond disrespectful &amp; no class, no manners.
Whoever is the bitch who puked in the stalls &amp; didnâ€™t use the toilet I hope that comes back to you!! Nothing more disgusting &amp; sickening then to need to use a restroom &amp; find puke everywhere! Worst thing ever. I had to use the menâ€™s room. People are horrible &amp; disgusting.
I see it thankful for a clear view at home, the moon is so lovely. ğŸ’›ğŸŒ• https://t.co/TXZ3mvYPDE
RT @Evansweather: Good Morning and Happy Wednesday! Rise &amp; Shine! https://t.co/seHvBiGPLo
RT @nycgov: Now at the Time Warner Center. #NYCtough #ColumbusCircle https://t.co/P2fG9GDBNZ
RT @nycgov: Today on #I278. #BQE #alwaysNYC https://t.co/ijCUymrp8U
RT @nycgo: Lower Manhattan at sunset. ğŸ“·: @pag_ph_ via IG https://t.co/eS9CXPeIbb
RT @LeeGoldbergABC7: Sunset is at 6:02pm. #abc7ny https://t.co/P95cLZJZxc
RT @nycfeelings: West Village, NYC ğŸƒ Noel YC @nyclovesnyc [Enjoy +images at https://t.co/3Cb43Mai1N] | The Best Photos and Videos of New Yoâ€¦
RT @nycgov: Moonrise over Queensboro Plaza #inQueens. #CHIYB https://t.co/sh2ENh9a6J
RT @nycgo: Views from the Empire Stores, DUMBO, Brooklyn. ğŸ“·: @ph88rh via IG https://t.co/u4F6DNGWaY
RT @MickmickNYC: OMG ğŸ˜± Did you see todayâ€™s sunset? Absolutely gorgeous ğŸ˜ Also, I know a lot of you have been asking about the foliage situaâ€¦
RT @nycfeelings: New York City ğŸ“¸ @212sid [Enjoy +images at https://t.co/HDuyW7v7Mc] | The Best Photos and Videos of New York City. https://â€¦
RT @nycgo: On the corner of 42nd Street &amp; Ninth Avenue, Manhattan. ğŸ“·: @javan via IG https://t.co/7OcnF6dDNh
RT @FlyNYON: Donâ€™t let those summer sunsets go to waste ğŸŒ‡

Hereâ€™s the greatest best place to watch sunset â¬‡ï¸â¬‡ï¸
https://t.co/yFxS7ebIbW httpâ€¦
RT @nyclovesnyc: Down Under the Manhattan Bridge Overpass (DUMBO) in Brooklyn as seen from up above @flynyon @nyonair. Brooklyn https://t.câ€¦
RT @JustinTse: New York City with @FlyNYON https://t.co/FSQx2mZAj9
RT @stevesweatpants: Teenage Mutant Turtles saved my life vol. 001 https://t.co/ptmyxUennl
RT @FlyNYON: Happy National Aviation Day! ğŸšâœˆï¸

Our sale ends soon! Save 35% on your next adventure with code FLIGHT â°
https://t.co/yFxS7etjâ€¦
RT @FlyNYON: Last chance to save 35% on your doors-off adventure â°

Use code FLIGHT ğŸš Weâ€™ll see you in the sky! ğŸ¤™ğŸ¼
https://t.co/yFxS7ebIbWâ€¦
RT @FlyNYON: Name a better duo than the Empire State &amp; Chrysler ğŸ™
https://t.co/yFxS7ebIbW https://t.co/V2EWlCSpvQ
RT @FlyNYON: The city of hustle captured at 6,500 feet https://t.co/JACjovY28l
RT @FlyNYON: Spot the Empire ğŸ”
https://t.co/yFxS7ebIbW https://t.co/vBvZNt6pje
RT @JustinTse: Google Pixel 3 - unedited #madebygoogle https://t.co/r5D0k3DtUW
RT @FlyNYON: Enjoying the last bit of sunlight in the day ğŸŒ‡
https://t.co/yFxS7ebIbW https://t.co/9d0dKqKlyz
RT @FlyNYON: Whoâ€™s ready for that time of the year? ğŸšâ„ï¸
https://t.co/yFxS7ebIbW https://t.co/jPPgoCAI2u
RT @EyeBrooklyn: The Brooklyn Bridge and @OneWTC in a single photo frame -- double icons. Seen in @bbpnyc.
#Brooklyn @agreatbigcity @nycfeeâ€¦
RT @nyclovesnyc: Autumnal Pumpkin Patch in the Channel Gardens, Rockefeller Center, Midtown Manhattan https://t.co/9MtT5MfIFF
RT @DanTVusa: Are Monday mornings always this pretty? #nyc https://t.co/CEDWU0iMXG
RT @rtanphoto: City Skyline #NewYorkCity #NYC #gantrypark #empirestatebuilding #LIC #sunset #nightphotography @nycfeelings @ThePhotoHour @Sâ€¦
RT @rtanphoto: Sunset at Brooklyn Bridge Park #brooklynbridge #newyorkcity #nyc #brooklynbridgepark #fall #sunset #MyWTC @nycfeelings @ThePâ€¦
Dear God, I just really hope J is my age. I canâ€™t be bothered with men too young or too old because it just wonâ€™t work out, &amp; I learned that the hardest worst way with men too old, &amp; too young would just be like babysitting &amp; not worth the time either, thatâ€™s not good for neither
I think I should try to get to know J from work more... Iâ€™ve been feeling that. He seems loyal &amp; always been really nice to me. He has a unique laugh that I can imagine along with my laugh weâ€™d be such a riot. â˜ºï¸
I wish somebody would reach out to me because Iâ€™m so broken &amp; lost. ğŸ’”ğŸŒŒ
Breakfast before work was pretty good, I think Iâ€™ll skip the scone next time though to be healthy &amp; just get something else better for me along with the meal.
Now all I ask for &amp; begging God for my friend to just simply TALK to me... that my friend simply just communicates with me... all I want at this point &amp; to have a couple minutes one on one in his car for genuine connection for reconciliation &amp; peace between us. Thatâ€™s ALL! ğŸ’”ğŸ˜¢â˜ ï¸
I remember when he was telling me what happened he looked over at me &amp; (insert daydreamy emoji) well I miss that night so badly. I miss everything all our good times. I miss him to death. He initiated everything we did &amp; everything heâ€™s done for me, I never asked for any of it.
I miss the night we went to get coffee &amp; he wore his camouflage/hunter pj pants &amp; he got us chocolate it was Reeseâ€™s with cookie pieces on the inside, I feel that there was something else we ate I canâ€™t remember... &amp; he took me to see the home he used to live in that was haunted
I miss hanging out with my buddy.
Iâ€™m dying inside. My heart bleeds.
