RT @Sonnet_Fitz: I'm working on a manuscript written by a teenage author, and instead of using "paused" or "hesitated" she says people "buf‚Ä¶
Like... Yeah I'll stop now
We did not allow them to distribute their zines in school, because it's not healthy discourse if a kid meets another kid at the school gate who hands them a piece of writing called "The Hammer" saying they should be removed, ridiculed, hated, inviting others to join the uprising
They were awful then and we stood up against them as we could, as kids. It's necessary to stand up against them, I can tell you that ignoring them did no good at all, since they loved to beat people up. I mean, obviously.
Looking at German news... The far right recruiting kids in schools and meeting up to talk armed uprising and training in gyms was definitely a thing when I was a kid in Germany, so not totally new. They never really went away, I think.
I caught up with work enough to have the morning off, wander around in blustery London with my friend, I feel like I just hatched from an egg, everything is so bright and windy
RT @v21: i love reading about crows https://t.co/981RZGyZF1
Happy #InternationalMensDay, friends. üíö Love you guys.
It just arrived, I looked out today and they're all gone. Haven't looked out the other window yet where I forgot my laundry last night https://t.co/AhWqO6209O
(I know these threads are boring but I've found them useful in the post when I've looked up what other people are experiencing with companies, if it gets ludicrous)
Ah. Complaint was resolved within the hour, they're sending me a bit of compensation money, my old account is refunded, nonsense reading apparently fixed. Very friendly and helpful, so, all good at last I think?
@zumojuice @tiger_tea Yeah, that's a thing.
@Lycomorpha Good morning, this is beautiful
E.on customer service has been reliably friendly, only... Every time it turned out whatever they did had not worked, and the next time I phoned another friendly person said "oh that's weird".
Ah. They're on it now. Hopefully it'll get resolved soon. - I'm surprised how many friends are telling me they switched to Bulb, had not even heard of them.
@tiger_tea They're not free on books any more?
@flo_illustrator It really was, I literally missed deadlines and had to put in night shifts. So much time in the waiting loop, then endless repeated discussions with them being baffled that their system keeps playing up...
@EONhelp Apparently the account was "stuck" somehow. So I would like to have my account balance sorted out and not pay you any more while I'm in credit, and make sure that I only pay for gas used since I moved in here. Thank you.
@EONhelp I sent them, and photos of the meter reading on moving in and now.
I've also not received the credit back from the other account which I closed a month ago, even though I was told on the phone that it was ¬£200+ in credit. Instead another direct debit went out.
@flo_illustrator Good. I hope this will be settled soon as I spent hours on the phone with them all month...
@EmmaIllustrate Yeah, I think I'm going to.
@FlorianVltmn Really good for the sleeping though
@FlorianVltmn I think if you go back you'd probably get younger and then going forward olderagain but your thoughts and perception would also rewind so you'd feel like you're doing the same time three times?
Hey they messed it up again. It's amazing. Maybe don't use e.on is my impression so far
@FlorianVltmn Do you rewind yourself or double over and exist twice for a bit?
@FlorianVltmn Just resleep
@FlorianVltmn Exactly
@FlorianVltmn Get an extra day to sleep.
@Beakmoo Just true
@orinoxide I don't care and yes.
@orinoxide So nice
Okay that's all I needed. Reset to finish this artwork tonight.
Aubergine and chocolate ice cream is VERY GOOD
I'm going to eat this basilisk sorbet.
My local Italian place has garlic ice cream. And aubergine ice cream. Yes it does. They just warned me off the basil sorbet saying "it's very... basily." This Sunday is going VERY WELL
What have I sinned against the gods of admin, all I want is to make books and pay the bills. These last few months have been ridiculous.
This is the second time that I move to a new house and e.on serves me a huge bill for energy I can't possibly have used in the first month. At least this time I can prove it.
Can't believe the first thing I got to do after a month of trying to get e.on to switch my account to my new address is to raise a complaint because their meter readings are nonsense. I'm tired.
@ErikaDraws You would have to answer every call quickly enough
@Joannechocolat This reminds me of reading out a list of GIRL titles at the book festival pub quiz we were at years back. They just didn't end! I still hear them  in my own increasingly drooping pub quiz voice when I see one
@ErikaDraws I like the ringtone in the replies
@ErikaDraws Yes. And yet.
@ErikaDraws !?!??!??????????!!!!
RT @comicsandcola: The gorgeous opening page of one of the best comics I've read this year, Kingdom by Jon McNaught. Who knew the M1 could‚Ä¶
RT @wildthingsplay: Looking forward to co-presenting with Karin Murris &amp; Joanna Haynes at Sapere annual #P4C conf, Nov 29th Exploring the p‚Ä¶
Pretty sure I'm the weirdest thing some kids got visiting their school
We had a policeman bringing a Punch and Judy show about traffic safety in the back of a bus but then that's normal in Germany. They got police officers who make and puppeteer those and pass them on in the force, it's tradition
I feel I met this guy also https://t.co/YOPFVdUEzq
@OliviaMHope !!!!!
I don't want to spend more time waiting on the phone, can you please help me to escalate this, get the meter checked and this matter settled?
@EONhelp Hello. I just switched my account to a new address, which took over a month, me spending hours on the phone due to problems with your system. Now you finally managed to get it done - and the move in meter reading is impossibly high.
I wish to make a complaint.
@DaveShelton It's a bit frightening tbh
@DaveShelton They should. But they just seem to hear "I don't think I look good in this" when I tell them. They just don't care.
You can't be body positive for other people that way, folks.
And I don't even care who sees me butt naked. At all. I just care when people tell me that I should. Ick.
This tweet brought to you by me throwing away more trousers I had forgotten about
Sheesh
I even have a few that I find comfortable and is been I king ne out massively when friends look me up and down and say "see you should wear this more often".
Get your eyeballs off my goods
@Gallantdesigner Thanks.
Like... This started when I was maybe sixteen and it just has not stopped. I've thrown so many super tight trousers away that friends have given me.
@nesswaters Thanks.
@DaveShelton Okay thought so. I just... Yeah I think I'll step it up. Although so far no level of telling people how icky this is has made any difference.
It icks me out so much! I mean, I know it's wrong already, but is it a normal common everyday wrong thing people keep doing to people or do I have a special friend curse
Okay... Is it a normal recurring experience to have people who you are not in a sexy relationship with tell you vehemently to wear skin tight trousers, even if it makes you uncomfortable, or do I just have creepy people in my life?
Think of the stuff we could make if we were rested and secure... Hey hey anyway these books in making are really good and I love them. Just wish I could also spend some time working out what to do with the rash on my face for example
Hooray for London being so exhausting that everyone is moving deadlines all the time to catch up with stuff that hits the fan
Don't stop giving me work anyway because this will suddenly end when all deadlines come in simultaneously. Hooray for publishing moving deadlines about
Don't know what else to say, buy my books? Get me out of London?
Can I just point out that this is a bad attitude and that I'm aiming to not work weekends or night shifts ASAP
Now work
Can't believe how much I enjoyed watching The Good Place in my dressing gown on the sofa instead of being at work, ahaaaaaaa
When you turn on the console.
&gt;(¬¨xO)&lt; https://t.co/YE55pOYQbC https://t.co/bGefYaFlsC
@PaoloMonkey Thank you, Demo downloaded
@sabinelittle @BookMonsterAlly @TomPercivalsays @carylhart1 @afharrold @sophyhenn @LydiaMonks Hurrah. I really don't know why they always send two copies per language... But yay, here they go to a good place
@Aosher Oh wait yess I was waiting for that to come out and then forgot. Ha thanks
@Aosher Checking
@BookMonsterAlly @TomPercivalsays @carylhart1 @afharrold @sophyhenn @LydiaMonks @sabinelittle Yes please. I'll have to find some of them in storage but would be very happy to send them.
@BookMonsterAlly @TomPercivalsays @carylhart1 @afharrold @sophyhenn @LydiaMonks @sabinelittle Omg how do I send you my international copies, please tell, I need the space
Here's a weekend thing from me if you got a small child to entertain. https://t.co/ceYs9IlAsy
@hannahnicklin Aah, thank you, checking
Not as good as a whole lot of sauerkraut cooked with apple juice, beer and fat though. Nothing is that good
I've started to cook saut√©ed lettuce with a dash of orange juice, seasoned with caraway, as a side dish. It's good
I have a craving for sauerkraut and mash. I mean, ideally duck roasted on a casserole of beer-seasoned Kraut and potatoes, but I don't feel like it's time to eat meat again already.
@70s_party Plus, Liz is right, a normal fork will get clogged with raw sauerkraut. Two tines are the way to go.
@70s_party I mean... It's a completely normal dish? If you add some fruit to sauerkraut and cook it it'll turn mellow, and go perfectly with meat and potatoes. Mmm
@70s_party That sounds delicious and I want some
RT @burstofbeaden: this isn't for anything, just did it. happy...thanksgiving? https://t.co/9GwtMJx9io
@MrEFinch Ahah!! Will check. Send thanks
@v21 Ah, yes, let's
@MrEFinch Oh yeah!! I got that. It is lovely.
@markleecarter My favourite bit is the school class who did the cheering.
I can't believe I get to stay in bed. Mm. Still got to get to, walk the cat and finish a picture book spread but... Not this minute.
Any more nice games on the switch that I might have missed? The shop is a bucket of weird, please recommendations please
@markleecarter Ha, I'm glad, that was the last bit I recorded...
It was so tasty
Still thinking about the "baked cookie dough dessert" I had last night.
That was a cookie wasn't it. That was a cookie
@OliviaMHope YAY
@JoolsAWilson That's fine.
RT @womensart1: Kate MccGwire, contemporary British sculptor who specializes in the medium of feathers #womensart https://t.co/ZcrS3sLklQ
If you think they seem silly, think about what if they were all people.
Today we had a story about two bananas who would not live without each other, and a monster that was on is way to devour people but stopped to apologise to a snail it had stepped on.
Also why you don't have a band, and literally the only reason Phil and Gwyneth still invite you to their dinner parties. You should move on
I had the best time teaching this week. The kids were so enthusiastic, and the results hilarious and sometimes profound, proper material to start hundreds of stories. I'm happy.
@orinoxide That only fulfils disco ball requirement
This is why you can't have a mortgage AND why no one backed your album:
Avocado guitar. https://t.co/txtRF9ZXP9
My heart my brain and my pets üíö https://t.co/up0RB07lkq
I just realised that one thing I really want in my life is to go dancing and be totally sure that no one will hit on me or even talk to me and no one will put on blurred lines and there should be a disco ball
@Lycomorpha Such cheese
I ate so much cheese, ah, happiness
@nxiousbeans YAY and also thank you x
Workshop in progress again. https://t.co/obwIPafrDJ https://t.co/0My0kJWT0R
Look after yourselves, my friends üíö
Panic attacks (for example) are not a sign of low self esteem. And thinking of them this way will lead straight to depression, confusion, shame and massive anxiety.
And that would been really useful for me to know years ago. So, there you go.
It's easy, I just need a few minutes of quiet after ninety minutes of workshop, then I can go teach again... Half of the day. That's all.
The actual problem was that I was doing several workshops in a row and didn't get any rest, and after the last one I'd go away, relax and have a seizure or at least a massive panic attack.
Thinking of all the years before I had a diagnosis where when I said I find workshops hard people said "don't put yourself down, you are good at it, and you seem to be having fun, it's just low self esteem"
They all said "thank you" quietly in the end. üíö
Ah, today was finally the dreaded day that I had to warn the class I was teaching to not all talk at once because I might have a sensory overload seizure, and... They were perfectly used to that kind of thing anyway, and understood. So great.
RT @Braunteaches: Next week Buzzard Class are going to be meeting the wonderful @vivschwarz as part of our @clpe1  #powerodpictures work. T‚Ä¶
I got a spot on my nose now and I wonder how many kids will tell me about it in this workshop
It's very home made because, well, it is.
I recorded myself reading HOW TO FIND GOLD, as per request, here you go
https://t.co/GGisWUwaw5
@Old_OakPrimary @clpe1 Oh hello!
RT @Old_OakPrimary: Year 5 Willow Class at the Discovery Story Centre for a workshop with Viviane Schwarz as part of their Power of Picture‚Ä¶
Omg the last class I did this storytelling workshop with was extremely lively and all their ideas were Shakespearean. So much betrayal and drama!
@rowenaaitken Absolutely. All the good things are very good.
@rowenaaitken I do üíö
@rowenaaitken Exactly.
Stratford, welcome https://t.co/ND81jOqbpY https://t.co/egXizMQNwF
Less tired today and looking forward to teaching. Forgot to pack breakfast but remembered my glasses this time
@flo_illustrator Yeah it's cool :)
@JonasWinje üòÇ
(A: I'm not going to tell you that I'm still on the meds, I'm off going to do some good things without you I think)
A: I'm depressed
B: don't take meds, just do the good things
A: I can't do things now
B: Do the things
A:
A: I took the meds and they made me able to do the good things, I feel ok
B: I see doing the good things made you better like I said. Next time just do the good things first
Like, dancing in wild abandon
So now, I shall dress for primary school teaching but also for going to dinner and dancing right after, not a problem
@ComicPrintingUK I threw away all my notes about it, it was too beautiful to listen to and knowing that it was an advert and a cultural front for actual mass murder.
(see also why is viv so grumpy and won't go to steam punk parties)
@ComicPrintingUK Yeah, that one was... Hmm... We had gone to listen to some very strange beautiful music based on natural growth patterns and... it was all rooted in that. I thought it was my favourite thing I'd ever heard, and BAM
@ComicPrintingUK Also, all of twitter
@ComicPrintingUK Might be one of those things where you just notice more and more. I get really bothered by Ernst Haeckel colouring books since my biologist uncle pointed out the politics of racial purity behind all that beautiful symmetry
@ComicPrintingUK Hi, Radio alarm sibling
I guess what I'm saying is, think about people's writing (or drawing) rules and try them, but also look at who they are, what their voice is, whether their work speaks to you, what other kind of work speaks to you... Stylistic rules are never objective.
Also to be fair if someone does this I know I won't want to read the rest.

See, now I'm being mean. I think if you ask an author for rules they will remember all the writing they didn't really want to read as if it was a returning unwanted house guest...
I guess "don't introduce characters by making their first line a quote from a book or show you like". At least that's just the beginning, it is always a good idea to try changing the beginning around in any case.
I have some rules of writing in my head but I think if I'd list them it would just be sad for people who like that kind of thing that I really don't
RT @DragonsofWales: Just some fledgling fuzz for #FossilFriday https://t.co/P1LtX9yg6v
Evening painting https://t.co/Z3BakB2rIT https://t.co/LpnsJyxc2p
@ChaosCastleUK Yes!
@drellacopter (In any case it evidently is cause you are)
@drellacopter Agreed
Sometimes I relax by imagining random things and saying in my mind: I don't care

A spoon with a face!
I don't care

This shoe lace is unusual!
I don't care

Peas in a sandstorm!
I don't care
RT @ChuckWendig: what kind of ginned-up fortune cookie shit is this https://t.co/2Z2xuTFiri
(after the first answer they tend to all speak as one)
I discovered that the characters I make when I just ask one of the kids what the shape is are all the best.
"ooh so I should give it lots of legs?"
Yesyesyes
"so what mood is it in?"
HappyHAPPYhappyhappy
"All right I'll draw a happy mouth... OK it's a character now"
YAY
Same shape as sad ghost incidentally
https://t.co/ZdHmha8F43
They really don't respect invisible lane swimmers
We had a good discussion about what swimming style skeletons have and agreed that they would just sink to the bottom then crawl along, break up and move around independently until they had enough and reassemble to come back out of the pool
I don't see how this is what is supposed to be cool normal fun for creative jobs
This is not okay and I'll find some time to rest somehow in the next few days.
Just to do nothing. Instead I'll have a few hours right now before I get back to work with the watercolouring.
I need an extra day
Tip toe caterpillar is my new protagonist
Bump https://t.co/Ow8blPxv7p https://t.co/RY469lIbyj
We just put these two together to demonstrate creating random scenes and I can't stop laughing https://t.co/TUsKwq1WXD https://t.co/I39QpHJ9Nd
Workshop in progress https://t.co/Dsx7tmslVX https://t.co/8FWwDVxdaM
Maybe one Muskbot gets out of the galaxy eventually
Or not, I mean... We could all just flail around until we are so tired that watching it all burn seems okay and five select brains in jars sit in an underground facility somewhere  unaware that their support system failed after all
Is only it was in the interest of big companies to keep existing with the rest of us, they could work with the governments which represent people probably wanting humanity to keep existing to create transparency and sustainability
Yeah I'm awake https://t.co/VTFmH8Fhx6 https://t.co/gm5d2MTnqY
Yes, support sustainable farming, boycotting particular crops entirely first supports other unsustainable crops because unsustainable is always cheapest. We need more transparency for that, overall.
Seriously is it just me or do other people sometimes accidentally switch into animal noises/nonsense words when they're tired out?
There is nothing like being at a social event and accidentally replying to "so what do you do" with "MOOOOOOOOO... sorry I said moo I have to go now"
And that exchange feels monumental and I quietly desperately hope no one else talks to me because I might just accidentally reply with an animal noise or a song.
When I walk out into the real world after that, all I can do is perhaps buy a bath bomb and smile at the sales person and say "I have to leave now I'm allergic to soap, except for this bath bomb which is OK" and then stride away in an uncoordinated manner
Seems totally possible to blow all my communication skills in twice seventy minutes of teaching a day. Talking to thirty kids, explaining how to do something simple but specific, introducing some specific clear concepts, modelling how to interrogate a fictional scene
Then I go home, build myself a nest of familiar things and catch up with illustration jobs and watch movies but don't understand the plot.
I just look at people and notice that they seem sad or happy but forget to react to that, and I just reply either with something really literal or something unconnected about my own work
I'm good at workshops but while I'm doing workshops the rest of the day is a write off socially. I literally forget how to have a conversation and go back to my baseline, which is "autistic without masking skills".
RT @Proper_Pictures: @70s_party Oh, and this piece of brilliance is also in there... https://t.co/CUijlC5L4n
Aah coffee
Used the new aeropress just then. I have good coffee. I have friendly cat. I'll wake up
Hm I'm so tired I can't make useful sentences but I'm awake?
More salad for me, I finished work and it's not even super late
I'm sleepy
Anyway, more workshops tomorrow.
She totally hunted down that deer though didn't she, we all know it
Mundane and seemingly nonsensical scenes can grow, change, resolve into meaning that way.
Anyway, here's a thing about weird made up scenes. Even if it's just a  fight between monsters (and it often is) the interesting question is, who is this book about, who does it begin and end with? What happens on the next page?
That's often where the story turns it to be.
Hello, I'm Viv Schwarz, I'm here to show you how I make stories so you can try it out, kids 
*cue howling reindeer pursued by sword wielding giant mother*
"Would you want to turn the page and see what happens next?"
"YES!!!"
The howling deer, unable to explain its affection, howls, escaping from the sword wielding mother. The child, helpless, unheard, protests. The jagged trees fill the page.
I love this workshop
Yeah, that's a scene, next one
"No, mother!"
The children raised their hands.
"The deer is friends with the child, but the mother thought it would eat it."
I contemplated the scene.
"Maybe the child should be saying something."
"The Mother Giant was chasing the howling deer through the forest".
I paused at that point, and said "Why though?"
Its body is composed of rectangles, its mouth is a circle.
It has antlers, and four busy legs.
Behind him, a large figure runs, a sword in her outstretched arm, reaching. She is dragging a smaller stick figure behind.
In the last workshop today we created a scene from characters the kids drew from shapes, and I think I'll describe it for you.
The scene is a forest of hastily scribbled pine trees, looming.
An animal is running through it.
ü§êGo watch
üíïüòçüíï
Omg SCORPIA
And everyone else but Bow was my fave as a kid and I love this version. His lovely red totally incidentally heart shaped heart is perfect, too.
‚ù§Ô∏èBow‚ù§Ô∏è
OK so SHE-RA is great
@candygourlay @jabberworks Weird
One of the children drew the mother and child, I added a few lines. So cute
Shapes https://t.co/QQCvcH00LW https://t.co/KwgT4Xddxj
Wish I could show all the hilarious stuff these children are making. No time though
I know it means another evening shift but I'm so going back to bed for a bit after this workshop.
These workshops, I don't know how many scenes we have made by now, but the kids did laugh at the stack of characters that I've got in my table by now.
The point at which you should admit something but you decide to just wing it https://t.co/4SOrtZS3Em https://t.co/zGIMM2W3Hp
Workshop watch https://t.co/aHm3WJGjHX https://t.co/ms6gb2Y5Tp
I see the room I am working in today has ONE OF THOSE huh https://t.co/cg9H6tnxGE https://t.co/0PYup05pJJ
Morning Rob https://t.co/4eTfbjMegq https://t.co/tSDgmEIQFV
Had another one of those overground journeys where I can't reach any handhold so I have to lean on the wall instead and several people squish me in a "why don't you go to any of that space where you could hold on to a high bar" way. Grumble
RT @M_F_Rose: {\__/}
( ‚Ä¢ . ‚Ä¢)
/ &gt; üé§ u want this?

{\__/}
( ‚Ä¢ - ‚Ä¢)
üé§ &lt;\  Don't start with ‚Äúwell it‚Äôs actually more of a comment‚Äù
Morning https://t.co/ffmrk7ooho https://t.co/AEgeeHkIAI
Checking WiFi signals in the house, forgot what I was doing and just thought oooh, pretty.
Time to sleep I think https://t.co/cST4t2BPqc https://t.co/kMm3rmIBrD
Finished work while watching SHE-RA.
Got to rewatch this properly, every time I look up it's excellent
Operations systems, yes thanks Auto correct
@erikpkraft Just needed Audacity and Lightworks for this one.
@wildthingsplay You want that video or what üé∫üòÇ
Free operations systems that'll run on outdated computers and software for making things... It's so good. What hope would there be without it...
Really helps that Netflix is working now.
Now I just need to edit a few slides into a presentation so I can run workshops again tomorrow. I don't understand how, but I'm getting things done this week
All the tentacles I needed to paint are painted and hanging up to dry.
Cobbled a video together with free software, filmed some shots of my local pub pretending to be my lounge, edited in some cheering noises from a helpful primary school, got it all ready in time.
Waiting for some ink to dry. With a bit of luck I don't have to paint until midnight today...
@lieselenoch @LolaTempest @elsage Accurate
@mctrevithick @TeacherYear3 I think I got a good set of cheers here now! Thank you!
I think I might draw him a a character having some more adventures
Can I just point out that the guy in the right has legs that are pretty exactly double of average length and that's cool
Look at these people being worried about a comet on the Bayeux tapestry though https://t.co/FRYDL432Go https://t.co/pRLO9PgtLa
RT @Gingerhazing: AHHH https://t.co/JKMrj9OLkw
@MartinHHBrown @Booktrust That's "Belletristik" in German, although I think traditionally that also included popular science.
I used to think that means "beautiful boredom" but I was wrong, would've been good though
These tweets brought to you by yet frustration about having a lovely quiet evening and my drawing hand is a total paw, and all day it was fine but I had to do phone calls and errands instead. ARGH
It's like... I need that brain for the drawing, please can you not fill it with having to worry about complex social interactions and noise
Seriously what is it though with people who tell you when to draw, when to stop drawing, what to draw, how to draw, and say "it's so easy for you to draw" and then ask you to draw them a logo for their new idea but not now but NOW but not now
How do any of you ever get any drawing done EVER
Or... Ugh! Or you're at a gathering and just found that balance of listening to the conversations and drawing something that's been on your mind and just needed a bit of background noise to surface... And it's "oh sorry that we bore you, by all means you can ignore us, right"
Probably you've just drawn for five minutes and someone goes "come on, you work too much"
Also... You know that thing when you actually finally get into drawing and somehow the whole world just keeps trying to stop you? All the phone calls, visitors turn up an hour early or unannounced, the cat starts crying
I get stressed out every time that I have spare time and I'm not drawing. That can't be good. It feels hard to explain to people who don't draw a lot. Either they don't get why anyone wouldn't draw all the time when they can draw, or they don't get being unable to concentrate.
I want to draw more stuff but my hands feel like paws after trudging truth that hail and... It's quite late. I think it's okay not to.
RT @RashmiWriting: YESüëá Children‚Äôs nonfiction books can be a beautiful bedtime read #NonFictionNovember #bedtimestories https://t.co/b5JfHA‚Ä¶
@Booktrust I still got that essay up that I wrote about it, I loved them so much as a kid... https://t.co/ldYGgkd1Fz
@Booktrust Non fiction is also often poetic to capture more of the nature of the subject.
@Booktrust Fact books seems very similar, although I miss the thingness in it. Those books, after all, may contain any amount of subjectivity.
@Booktrust In German they are called Sachb√ºcher. Sache means Thing, and Sachlich means matter-of-fact. I liked that as a child, thing books. Books about things.
The cat is healthy, but now purring a bit sideways from all the fuss.
@Braunteaches @clpe1 Woohooo!!! That's perfect :)
The Good Place is so good. I'm still bothered by Michael being 100% like one of my former landlords though.
I just carried the cat through a hail storm, and I'm absolutely going to just watch The Good Place under a heated blanket. We are soaked
On the train with the cat, going for her annual checkup. She didn't expect that
@Braunteaches Or slightly longer even, I can fade it out at the end
@Braunteaches I can offer a drawing of a happy Anna and Crocodile in exchange for a ten second cheer about finding gold at the bottom of the ocean!
For when they find the gold
I think I need the sound of a primary school class cheering for ten seconds as a sound effect on the video reading I am making for How to Find Gold...
This time I even got white postal tubes which is unusual, I should make that standard perhaps.
If you buy from my shop you get an extra original doodle on the packaging, yes.
There's no way I can go out tonight, is there. Admin has eaten too much day already.
Well... I get to paint octopuses instead while watching Netflix though so that's all not so bad.
RT @TfL: We're supporting #TransWeek and raised the flag this morning from our head office in St. James's Park - keep an eye out for it htt‚Ä¶
RT @dc_litchfield: From the book 'War Is Over' written by @davidjalmond and illustrated by me. https://t.co/ldAahgUYeL
Well, maybe it worked this time, I will find out tomorrow. In any case they just realised that they owed me over two hundred quid and said they'd refund it.
"Have a Christmas treat" hmmm no I will use this to... pay bills at the place I actually live at? Yay
I want to be doing my job, not waiting for half an hour for someone to pick up the phone, tell me there is a weird problem with my account and hang up.
I spent so much time in their waiting loop by now... WHY DON'T THEY HAVE A BETTER WAY TO CONTACT THEM
Am starting to get extremely annoyed with e.on... they seem to be unable to close my old account after I moved house. Last time they said "that's strange, I this account is stuck, it seems to be an admin problem, I wonder what is going on", hung up and didn't call back.
Cat says desk lamp is warm https://t.co/XbuD7HFJhb https://t.co/ggQI81y9aG
Art packaged up and ready to post https://t.co/QfcKDRFhvN https://t.co/zrPi5XzcBv
Why do I need a nap every time I get back home from doing literally anything
Anyway that was easy
Couldn't find the swatches I made for this project with notes on which dyes I picked for it, was just going to go through the whole box to find out, then decided to try the ones with the most pleasing names first
I know myself
RT @KidsWriteJokes: doctor doctor i cant drive

i'll drive you mate
Off to pick up postal tubes for all the art I sold in the last few days, thank you
It really is good and funny and kind.
Was just putting Doctor Who on while sorting though my inks for a project, ended up just sitting there crying. Oof.
Sold this one. Always worth checking whether I'll put a thing in the shop if you really like it...
@smithsmm @moontrug @PiersTorday @MaryAliceEvans @whatSFSaid @neilhimself @philipreeve1 @afharrold @jabberworks @mrjamesmayhew @DanSmithAuthor @mossmontmomery @HilsRobinson @Martin_Impey @RossAuthor @sophieinspace I don't really have favourites, I think.
@mister_robins Me tooooo
That was fun
Scooter https://t.co/e7MIQ9Qo6b https://t.co/AyoRYAT7d1
Cards https://t.co/OzaAokFrPk https://t.co/avOjiwPDlB
Sunday https://t.co/nH57YZzK7z https://t.co/dhSwhu7nsi
@mister_robins That is rather excellent.
RT @mister_robins: i just made a new animated music video for our show Drip, you can have a look here: https://t.co/X6nykkql3p 
#drip #musi‚Ä¶
RT @McKelvie: "I was too young to notice the social commentary Doctor Who always had and so I think it didn't have any." https://t.co/LH2GS‚Ä¶
Robot building https://t.co/bSEIejUzTj https://t.co/Z1G0APrMf6
@kurai Yes!
I changed my mind, I'll eat a few more potatoes THEN nap
Now I actually need a nap. That was a pound of potatoes.
Oh gosh. I'm feeling in love with myself because I bought a bag of fine salad potatoes instead of the usual cheapest ones, and I billed the whole bag and ate half of them with cabbage. It was so nice.
This was two years ago and nothing has changed there https://t.co/J0gITF8xml https://t.co/EC9drpEjdn
RT @BrittneyMMorris: {\__/}
( ‚Ä¢ - ‚Ä¢) 
/ V   \&gt; How's the writing going?

 {\__/}
 (o. o )
 /v v  \  Great! The whole house is clean.

{\__/‚Ä¶
@OliviaMHope I don't know!
@darrylayo OO
Oh no I had too much coffee. Hopefully I can mop it up internally with cabbage
HOUSEMATE IS BACK HOORAY
Savetime Travel Silverdale https://t.co/XqtJh2Fcmj https://t.co/5TuVGx0kE7
@nomadastudiobcn Aw yay!!
