2,who is this pointy nosed green man i hope its murdoc in disguise and not a new bloke named ace https://t.co/KxV5BjZwtH
-4,"me: some people headcanon/theorize that ronin and morro are brothersnick: bwothers ywou say? :3cme: what the fuck"
-1,@bitchwhtthefuc omg!!!! :D
6,vegan food looks real good
-2,living like a god damn ninja turtle
1,@TheMrZippie in the rest of that interview he goes on to say he thought robert downey jr.'s stunt double was him and addressed the stunt double as the actor right as the real robert downey jr. walked in
0,@leafduds  https://t.co/zRoJlW9X3y
2,"COLLAB x2 COMBO!the first one has lines done by @sugarb0i and coloring done by me, the second one‚Äôs lines are done by me and coloring done by nick!! https://t.co/neqEe4mF12"
-5,thank you the mountain goats for soothing my depressed soul
0,what's your favorite part about drawing
0,me_irl https://t.co/4qQ2wNg8Tk
0,LADS https://t.co/wzm50cwFUy
-8,@ChronicHeart713 milk BY ITSELF IS FUCKIN DISGUSTING
-4,@ChronicHeart713 okay but when it comes to ice cream... bitch sign me up
1,also maybe if i spelled jeff right
6,"i just love the phrase ""jaff goldblum's #1 twink"" in reference to loki"
1,@Idkblue no THAT'S the kinda life i'm about
2,@Idkblue hell yes
-3,okay i'm over the heat when's it gonna get cold again
5,@beksdraws you are a wizard when it comes to coloring
7,@beksdraws THE COLORS ON THIS BEKS.... AMAZING!!!!
-3,"13.) recalling information in a coherent way is difficult so in the workplace, people are often confused to what i'm talking about. i'm not very good at making sales because of this."
2,"13.) writing essays has become increasingly difficult, but my strengths have flipped from english and history to math and science since being diagnosed."
-3,13.) my first semester was extremely difficult. i couldn't remember anything and i was constantly forgetting to do assignments so i made pretty bad grades.
-8,13.) schizophrenia in school/work is hard to deal with. the cognitive symptoms really take a toll. it was really hard for me in highschool and without my friend helping remember dates i probably would be making really bad grades in rn in college.
-2,i remember vividly drawing that how was that from 2015 wtf
0,charlie what
3,i wish i could draw for a livin
-4,"reporting profiles on instagram is a nightmare, i tried so hard to report an profile for posting hate but everytime i tried it would send me to the help desk to tell me how but the that just tells you to report it in the app but if u click spam it reports it immediately"
-7,i'm in so much pain somone come put me down
0,moodboard https://t.co/u2GRuwiXiQ
3,12.) soft things keep me from hallucinating feelings or sensations so when i sleep i like to have something soft. i also date my water bottles so that i don't drink any from a different day since someone poisoning my water bottles is a constant fear of mine.
-4,"12.) coping mechanisms! i cope by usually distracting myself 24/7. by creating stimuli, i can avoid the ones my brain creates. i usually have to have background noise as much as possible to keep myself occupied so i don't hallucinate. i sleep with headphones in and my lights on."
0,@CardboardPizzas god i sure hope so
-10,i'm so tired and in pain i wanna sleep forever
0,reaper? https://t.co/mMdRbkA8In
5,@coffee_comatose SO BEAUTIFUL
0,i found the beef https://t.co/hKxlI8xx3w
-6,"11.) we're also ""weird"", we say things differently, we act differently, we experience things differently. people will call the cops on us during psychotic episodes. it's hard to be open about it."
-7,11.) telling employers that you have schizophrenia when applying for a job usually doesn't end well. people are afraid of us and they'll do anything to avoid us.
-7,"11.) because schizophrenia is so stigmatized, it's hard not to be thrown into a mental institution. i've resisted it twice. the thought of being put in a hospital is terrifying to me. i'm afraid to be honest to any medical professional because of how easy it is to be thrown in 1"
-3,"10.) i have only been diagnosed with depression, anxiety, and schizophrenia and most people with schizophrenia have depression and anxiety as well. it's not uncommon to have psychotic depression or psychotic BPD! psycosis goes hand and hand with lots mental illnesses"
-4,9.) schizophrenic representation in the media is usually fear mongering horror characters. or villains. we need positive role models for people with schizophrenia! i guarantee you that most of us need it to remind ourselves that we aren't the monsters that we think we are.
0,@coffee_comatose exactly!
2,"watch in awe as i use all my spoons up with one activity!*takes a shower*"
-8,"@CrabbyDarth no itsdeath"
-6,i'm so tired i'm bout ta https://t.co/laTCNLRpzz
0,@CrabbyDarth slurp slurp
0,@CrabbyDarth Exactly
0,@ChronicHeart713 bad...
0,@GhaferR_  https://t.co/0NEE39dxJh
1,woter.... good......
-1,@ChronicHeart713 SIIIIICK GIRL
0,@CrabbyDarth absolutely
0,this is like if vinny vinesauce got to describe an animal https://t.co/lIVqUufygx
-2,lame
2,"me: *yawns*@coffee_comatose : go to sleepme: nnneeehcoot: do i gotta break out the LUGI?"
0,@coffee_comatose  https://t.co/fQZ09ZpoSO
0,@coffee_comatose no
1,bucky barnes is my husband
3,@ChronicHeart713 @sugarb0i we can play again soon!! just probably not until next week x.x
4,@kittuazoldyck @ChronicHeart713 @coffee_comatose @sugarb0i OH THAT WAS A SELFCEST JOKE
-2,and i work an extra hour than normal https://t.co/Kzwgf23fqn
0,i have work at 7:30am tomorrow https://t.co/UXtCrD8KDg
0,@coffee_comatose @ChronicHeart713 @sugarb0i WHAT IS HAPPENING
1,I JUST SAW THIS I'M LOSING IT AHDHDJF https://t.co/syuyASDG7S
2,@beksdraws i believe in you beks!! take your time!!
3,my coworker: MY WIG IS IN SPACE RIGHT NOW
9,@SylphOfRainbow THANK YOU SO MUCH SIS ILY ‚ô°‚ô°‚ô°‚ô°‚ô°
8,oh an bump this from last night! (thanks for all the rts and favorites!!!!!)
0,"improvement?(july 18 2017 - may 10 2018) https://t.co/KnzIcCO5JF"
2,friends forever! #ninjago https://t.co/IsxduT7wJi
-1,@kittuazoldyck we were desperately trying to watch ninjago
-2,@coffee_comatose SAAAAME i was so defeated
0,@coffee_comatose THATS A MOOD
0,"lloyd is the three g'sgreengaygarmadon"
7,look at my sister's invader zim oc... i'm so proud https://t.co/xukhpOyvp8
7,"my sister: wait wait i wanna make a joke about this picturemy sister: this is the face i make when my parents come home and i.... pooped my pants https://t.co/3Dk8r4OA9x"
,7:17
5,it's a redraw of this! to show the new designs :3 https://t.co/B90QBoYgwV
3,wip redraw of thing https://t.co/xNIUSQ3g7X
-2,bump!
3,me on my AP lit test last year *writes abt warrior cats* https://t.co/m3xF2lpIxD
7,@Elechemy you are an angel???
-2,"8.) many people believe that schizophrenic people have multiple personalities, which simply is untrue. schizophrenia is so far from D.I.D. it's weird how that myth was spread around. nonetheless, it is flat out untrue"
0,@ChronicHeart713 mati
0,they sure are https://t.co/Nbl5ek17Or
0,about me about me about me sbout m https://t.co/7xlbnPdCqI
0,@sugarb0i @kittuazoldyck @leafduds you heard her
2,"@leafduds @sugarb0i WELL YOU DON'T SEE HIM IRL, HE IS NOT A TWUNK, HE'S A TWINKY TWINK GAY BOY"
-3,@sugarb0i @leafduds how can you lie to him like that
-5,@sugarb0i @leafduds UNACCEPTABLE
5,she's a model https://t.co/Q5BkZsvcuS
0,@ChronicHeart713 @sugarb0i @kittuazoldyck IMMA FIRIN MY LAZER BLAAAA
-2,"who else rtd this, show yourself"
0,internalized twinkphobia
0,FIYAH #ninjago https://t.co/EHoIzIGHvm
0,who is she https://t.co/NpFXxadtYJ
2,@beksdraws i is good too!!!
2,"Webbed Bouce.Webbed Bouce."
1,@beksdraws how is you day :3c
4,@beksdraws hola!
0,https://t.co/PUjdHaqvoq
7,LOOK AT THIS AMAZING COMMISSION I GOT FROM @beksdraws OF MY BOY XENON!!! go commission her https://t.co/b2L7xwTSDZ
7,"my coworker  oh i love trollhubters have you seen it?me internally: don't say you know the writers are from ninjago. don't say you know the writers are from ninjago. don't say you know the writers are from ninjago. me: NEVER HEARD OF IT"
8,@ChronicHeart713 I SPIRITUALLY CONNECT WITH THIS PERSON
5,@leafduds @ChronicHeart713 well she had an accent so i assume she's not from america
4,"@ChronicHeart713 i was sitting outside my college class after taking my final and she was like ""you're so young! are you elementary school age? you're like 14 right?"""
-3,"if the destinys bounty does not come back in season 9, i'mma riot"
6,@pkspsapphire BIG AGREE
0,1:17!
2,a girl just stopped me and asked me if i was an elementary school student
-6,"7.) we don't deserve to be feared, we are just like you! if anything, we're more likely to hurt ourselves rather than anyone else. if someone you know tells you they have schizophrenia, accept them, and know that they trust you enough to know."
-3,"7.) some of us hear voices that tell us to hurt people, but those people deserve respect too! i'm so scared of hurting my friends bc of the stigma it's unreal. i have so many nightmares where i kill my friends and i wake up afraid and in tears."
-2,7.) even a lot of people in the mental health field think we're dangerous! i told my therapist that i heard voices and she immediately tried to put me in a mental institution. we are not inherently more dangerous than any other person.
-4,7.) stigma. everyone and their mom knows the stigma surrounding schizophrenia. people think we're crazy unfeeling monsters who follow what the voices tell us. people think we're murderers or horrible people due to horror movies portraying us.
6,"@beksdraws OH I LOVE THEM, I WANT TO KNOW ALL ABT THEM"
0,https://t.co/EZdp2wx47X
-8,"6.) i also have SUUUUCH a shit memory, like it's crazy. i forget what i'm saying as soon as it leaves my mouth."
0,@Bobbutterbutt O: !!!!
-5,"6.) in general, thinking is hard and understanding is hard! i ask a lot of questions just because my brain doesn't make connections like it should! i describe it as my brain has multiple trains of thought that switch tracks all the time"
-9,"6.) i totally read the 6th prompt wrong but that's ironically a perfect segway to explaining cognitive symptoms! these include slow thinking, difficulty understanding, poor concentration and memory, and difficulty!"
0,6.) positive symptoms are usually treatable by antipsychotics! but negative symptoms require therapy and a lot of practice.
0,"6.) we also experience echolalia which is the repetitive behavior of spoken words. basically sometimes i just say the same thing over and over again! sorry if it's annoying, but it's completely involuntary!"
-2,6.) people with schizophrenia often sit or walk in different ways. i usually sit in positions that many people say is weird or funny but feel natural to me. these movements maybe be repetitive or restless but they are all involuntary.
-6,"6.) often times, people with schizophrenia just stop all together. i do this often. i sit and stare at something and nothing is going on in my brain. it's like dissociation but i can't move or talk and i'm often in a weird position. this is called catanoia."
-3,"6.) positive symptoms! these include hallucinations, delusions, disorganized speech/thinking, disorganized behavior, catatonic movement and behaviors. since i've already talked abt hallucinations, delusions, and speech, i'll talk about the other ones!"
10,@Outpost_Alpha01 THIS IS A VERY GOOD DONUT
7,@CardboardPizzas very fun fandom (most of the time but that's just how it is with fandoms)
6,@CardboardPizzas NO IT WOULD NOT THANK YOU
2,"@GhaferR_ SJDHFKDV I'M TALKING ABOUT LEGOS, COLE"
10,"this is my funniest tumblr post, prove me wrong https://t.co/gN1b7uC2rN"
0,"If I can replicate today‚Äôs pump before walking on stage, no one stands a chance."
6,@Hvgito An adult. Lol.
7,I think Belen is going to love what I have planned for her birthday. üòà
10,"My girlfriend is a godsend. Literally been there with my thru everything, took my to my doctors appointments, helped push me to seek help. And instead of running, she stayed with me when she didn‚Äôt have to. Love her to death."
0,Ain‚Äôt that the truth. üòÇ https://t.co/tm5mr49yHv
-7,A few weeks ago I was diagnosed with Bipolar II syndrome. I‚Äôve made such great progress being in control of my emotions and manic episodes thanks to my doctor. Literally have never had such a clear mind my entire life. It‚Äôs been fucking amazing.
-9,I‚Äôm gonna hate everytime Harden does his little step into the shot to pull the foul.
-3,Bruh why the Pelicans so dirty tho?
2,@Peter_Tim3 Blu ray or UHD disc. You won‚Äôt regret it. Mine looks amazing in ultra HD.
-4,@crystalcasta Those are sick. How much are they?
6,Fuck. Infinity War is a must see.
1,"Imagine if that was made real, the things people who lost the ability to walk or was born without the ability would be infinite. They could see what it feels like to walk or rehabbing an injury would be safer and faster."
2,"After watching Shazier walk out, I think I‚Äôve figured out what my life‚Äôs work will consist of. This may sound stupid, but Stark created a walking robotic apparatus for Rhodes at the end of Civil War."
4,"I‚Äôve done 3 shows. Each one not doing well, thought I took them seriously but in reality, I did not. This time, I went balls to the wall, and its all coming together."
9,Looking forward to moving and going back to school.
-2,@FLOSSTRADUMBASS It just gets worse from there bro.
-3,"I feel like me and @CuyoRolf gonna cry while watching Infinity War. 10 years in the making man. 10 years, that‚Äôs like going to school and then graduating to leave for college."
5,"If y‚Äôall got time, watch Collateral Beauty starting Will Smith. If you don‚Äôt got time, make time. You won‚Äôt regret it."
0,‚ù§Ô∏è https://t.co/CIVh8pHLwn
-3,These ab cramps will be the death of me.
0,"@LDayHimself Hell yeah, miss yah ass, I‚Äôm going down there in June to finalize the spot."
2,@LDayHimself Ayeeee! I‚Äôm moving to Long Beach in July!
0,@LDayHimself You coming home?!
0,@breancaaaa @kristniks üòÇüòÇüòÇüòÇüòÇ
-3,@breancaaaa @kristniks Of course it was your shit...
-7,"It annoys me when I see people at sporting events like basketball or football games wearing dress shirts or sport coats. Especially when they wear the free shirt over the dress shirt. Like bruhhh, just take it off!"
10,Belen just surprised me with tickets to Kendrick‚Äôs Championship Tour! What did I do to deserve so an amazing woman?! Fuck man. I love her so much.
-3,"When I see people say ‚ÄúI need a trainer, hit me up.‚Äù Nah, that‚Äôs your first mistake. You need help? You seek help. No trainer wants to train someone who is too lazy to get up and do something as simple as asking."
-2,@RSherman_25 @LeVeonBell Blue burst does melt but not every player knows how to use correctly.
2,"Honestly, baseball brawls are so much more satisfying than those pussy basketball fights. Lol."
-1,@breancaaaa We out!
-5,"Dieting and prep sucks, but the fact that at this point, 11 weeks out and I look just about the same the day of my last show excites the fuck out of me."
8,17th day straight lifting and doing cardio fasted. Taking this prep 1000% more seriously. I want a sword.
6,"Bigger. Better. Stronger. Don‚Äôt get caught sleeping. My injury was only a minor setback. June 30th, the masterpiece shall be revealed."
0,@AshyRightankleJ I think they should be coming out with a black one soon.
0,@AshyRightankleJ Glock 19X!
2,@_ambroskiii This year is just insane. So many moves all over the league.
-2,"My PTs and doctors at Rehab call me Rich, like I‚Äôve been here for so long already, it‚Äôs too late to correct them. I just go with it now. Lol."
0,üò≥üò≥üò≥  @NBA @celtics https://t.co/1bQR07z5Or
7,"@FLOSSTRADUMBASS @boombahng You are mistaken sir, she actually does like you."
0,@boombahng @FLOSSTRADUMBASS Guess it‚Äôs only a Jultina and Tomez trip. :/
0,@boombahng @FLOSSTRADUMBASS Tfti
0,"These refs need to stop being so soft. Ball hit the Drays shoulder, he didn‚Äôt hit it himself, and give him a tech for saying it hit his shoulder? BS call red. @NBA"
-3,"In the jungle there are monkeys and gorillas. Monkeys are small and agile, gorillas are massive and strong as fuck. You‚Äôre a fucking gorilla so stop jumping around like a monkey and you won‚Äôt get injured. - Uncle Rob üòÇüòÇüòÇ"
-5,NBA refs are soft as fuck. Like all teams are suffering from refs acting like a bunch of bitches.
0,@Hvgito Never said a time. All I said they tweeted it would release tonight and minutes later after halftime it released.
0,@Hvgito  https://t.co/WAocczi5Fz
0,@Hvgito Dude I saw the tweet. But didn‚Äôt realize minutes later they would release. üòï
3,That Eli and OBJ dancing commercial was fire! lol.
0,Took a fat L this morning trying to get the Cortez Kenny‚Äôs. :/
0,@DELOGANG_Rolf ?
0,"My favorite wrestler growing up, Goldberg, is on The Flash! üò≥üò≥üò≥"
-3,@FLOSSTRADUMBASS All fucking Casey‚Äôs fault. Lol.
0,"Having to put my move on hold, pushing back school, pushing back my competitions, risking not being able to compete for a Pro Card, it‚Äôs killing me. But it‚Äôs all in God‚Äôs hands right now."
0,‚ù§Ô∏è‚ù§Ô∏è‚ù§Ô∏è https://t.co/e5LzVBjw5p
-8,What. A. Fucking. Game.
0,@FLOSSTRADUMBASS Only Alejandro can come out tonight. Lol.
-10,This injury is depressing as fuck.
-3,"My girlfriend is such a blessing. Without her, these past few days would‚Äôve been hell."
0,How my 2018 has started: https://t.co/zMynMNktzf
3,"Everyone over here talking bout the earthquake, I‚Äôm just like ‚Äúis my jar of Nutella okay?‚Äù"
3,@DELOGANG_Rolf Bitch. You haven‚Äôt even gained any weight from what I see.
-1,@LDayHimself That shit takes you to a whole new world cuzo. Lol.
2,Power ranked 15th. And ranked 14th offense in the league at 5-10... the future is looking quite bright for the 49ers.
0,Pray for me. üòÇ lol. https://t.co/VBoj7Bmsas
-2,"It‚Äôs a scary thought, knowing that our QB was the backup for a legit GOAT. Let that sink in, he learned from the best. So it‚Äôs not surprising how well he‚Äôs leading the 49ers in such a short time."
0,Got 2 really tickets for the 49ers game tomorrow for sale. In the 100 sections. Any takers?
0,Return of the Dick @FLOSSTRADUMBASS @itzchriston
-1,Let‚Äôs go Miami! Throw up the U!
-6,"Let me tell you, last weekend in LA, I felt so out of place. It was for sure a huge culture shock for me. I‚Äôm used to a diverse atmosphere. Out there, I felt like I had eyes coming from everywhere. But I can‚Äôt wait to move out there."
-7,"Let me tell you this; if you have haters, you are doing something right. Don‚Äôt get mad. Embrace the haters. They are mad cause they don‚Äôt got it like you. They want to be you. They want what you have. A smile is a bigger slap to them than anything."
0,@aaamaray @jsteeena üòÇüòÇüòÇüòÇ
-10,@FLOSSTRADUMBASS look at my last tweet and tell me you feel my pain bro.
-8,Why is CoD WWII so fucking difficult?! Like so complicated just to upgrade weapons and shit. Bring back Modern Warfare style of play!
0,@aaamaray @jsteeena Nah that‚Äôs the whole HoS fam. Lol. We all have had to force a shower on yo ass.
-2,Ayyyyy my hair is almost long enough to slick back again. Why am I so juiced for this?!
-10,"People hate me cause they think I‚Äôm an asshole. I‚Äôm not an asshole, I just tell it how it is. No sugarcoating from me."
9,Apartment shopping in LA was a success. This move is coming together nicely.
0,IÔ∏è cut the grass and caught a snake.
0,"Some cool people you should follow @Zalgaloo @Robboy_Robbo @xuriousuwu @Z_Leo_B @woah_its_walrus @Enderfoo__ @Chriiisify @WifeWithAPenis"
-8,There‚Äôs no point in complaining about black ops 4 at this point. Of course it‚Äôs going to be shit. Dumb 12 year olds will buy it and play it for 3 weeks and just turn on Madden. Wash rinse repeat. Nothing will change that
3,@Enderfoo__ @RioVEVO You think you‚Äôre funny don‚Äôt ya
0,@farsidevirtualx Why is grandma is the back yard?
-2,@farsidevirtualx Sav I‚Äôm crying what is this https://t.co/fecXO2XzxE
0,@farsidevirtualx  https://t.co/tTa3q8i2KS
-6,@farsidevirtualx Bitch go shit
-4,Another tragic celebrity death. Substance abuse needs to stop now https://t.co/PsSx6NhjEs
0,"@braxxiwnl @IlayIsNotOk I tried being normal once....Worst 5 second of my life ü§™ü§™ü§™"
0,@IlayIsNotOk @stoicism That‚Äôs what I‚Äôm talking about stupid MAN!
0,@IlayIsNotOk  https://t.co/i9TTKqtLFl
-6,@stoicism @IlayIsNotOk Seems like something that would get boring very quickly
-4,@IlayIsNotOk I fuck dogs so yeah I looked into it
-3,@IlayIsNotOk Legit word gets around so yeah. It‚Äôs a crime
-5,@IlayIsNotOk I mean those things cost like 1000 bucks so I‚Äôd be pissed too
0,@VaporSynth_ Half of music we hear today wouldn‚Äôt be around if it weren‚Äôt for jazz rt
0,@piloht If by toes you mean Newport cigarettes then yeah
0,@piloht @gensnarl No memes for you
4,It is a rule that every time a post of yours gets over 1000 likes you must reply with your Snapchat or a GoFundMe link
0,@YourMateDazzy At least credit the artist smh üòí
0,@piloht @gensnarl Buy me a pack of Newport‚Äôs and a pizza and I‚Äôll think about it
0,@gensnarl Yeah ik. Forgot this was public twitter
-2,@piloht @gensnarl A magician never reveals his secrets
6,@gensnarl @piloht Show for the love of god
-4,@notannah Not nice
0,@KutizTweets üò≥üò≥üò≥
3,What if we accidental kissed üò≥üò≥üò≥
0,https://t.co/1UuM2AEtU9
0,@MagIsFag  https://t.co/xrf0YV1buJ
0,@MagIsFag Ok
-3,@MagIsFag You fucked up your own joke
-2,@MagIsFag No