Label,Tweet_ID,Tweet,Screen_Name,Description,User_Location,Time,Geo_Enabled,Place,Lat,Long
,1072164795091083271,"RT @skinnyondinie: Rates for normal delivery at some KPJ hospitals in KL/Selangor ğŸ‘‡ğŸ½Kalau tiba2 jadi emergency C-sec, bersedialah utk forkâ€¦",awinsarahm,"Hamba Allah je


IG: awin.jairi",Johor-cyberjaya,2018-12-10 16:23:01,False,,,
,1072162428408881152,"RT @AimanPsikologis: Those who stigmatise by having simple mindset,

""Depress sebab kurang iman"", annoys me.

Why didn't you say the same tâ€¦",awinsarahm,"Hamba Allah je


IG: awin.jairi",Johor-cyberjaya,2018-12-10 16:13:37,False,,,
,1071858133000024064,"RT @nobisha: Dealing with a toxic boss

- Donâ€™t take it personally.
- Whatever the problem is, itâ€™s his problem - not yours.
- Accept the fâ€¦",awinsarahm,"Hamba Allah je


IG: awin.jairi",Johor-cyberjaya,2018-12-09 20:04:27,False,,,
,1071584538973765632,"RT @sufiansuhaimi_: Some wounds never heal, you just get used to the pain.",awinsarahm,"Hamba Allah je


IG: awin.jairi",Johor-cyberjaya,2018-12-09 01:57:17,False,,,
,1071584435324182528,@ericrosli Cuci dlam kapal je ke?,awinsarahm,"Hamba Allah je


IG: awin.jairi",Johor-cyberjaya,2018-12-09 01:56:53,False,,,
,1071231606809972737,"RT @PrinceUmpad: â€œDate someone who says thank you to the guard who opens the door for them, or when they say sorry to the janitors when theâ€¦",awinsarahm,"Hamba Allah je


IG: awin.jairi",Johor-cyberjaya,2018-12-08 02:34:52,False,,,
,1071230576118554624,Alhamdulilah masih diberi kesempatan utk merasa nikmat hidup https://t.co/QHpEsdtK8k,awinsarahm,"Hamba Allah je


IG: awin.jairi",Johor-cyberjaya,2018-12-08 02:30:46,False,,,
,1071013814546575360,"RT @AimanPsikologis: Among these,

ğŸ‘©ğŸ»ğŸ‘©ğŸ¼ğŸ‘©ğŸ½ğŸ‘©ğŸ¾ğŸ‘©ğŸ¿ğŸ‘©ğŸ»ğŸ‘©ğŸ¼ğŸ‘©ğŸ½ğŸ‘©ğŸ¾ğŸ‘©ğŸ¿
ğŸ‘¨ğŸ»ğŸ‘¨ğŸ¼ğŸ‘¨ğŸ½ğŸ‘¨ğŸ¾ğŸ‘¨ğŸ¿ğŸ‘¨ğŸ»ğŸ‘¨ğŸ¼ğŸ‘¨ğŸ½ğŸ‘¨ğŸ¾ğŸ‘¨ğŸ¿
ğŸ‘§ğŸ»ğŸ‘§ğŸ¼ğŸ‘§ğŸ½ğŸ‘§ğŸ¾ğŸ‘§ğŸ¿ğŸ‘§ğŸ»ğŸ‘§ğŸ¼ğŸ‘§ğŸ½ğŸ‘§ğŸ¾ğŸ‘§ğŸ¿
ğŸ‘¦ğŸ»ğŸ‘¦ğŸ¼ğŸ‘¦ğŸ½ğŸ‘¦ğŸ¾ğŸ‘¦ğŸ¿ğŸ‘¦ğŸ»ğŸ‘¦ğŸ¼ğŸ‘¦ğŸ½ğŸ‘¦ğŸ¾ğŸ‘¦ğŸ¿

One has Depression,â€¦",awinsarahm,"Hamba Allah je


IG: awin.jairi",Johor-cyberjaya,2018-12-07 12:09:26,False,,,
,1071013059739582464,Kadang dalam relationship kita tak boleh nak pandang pada kesempurnaan sahaja sbab bg aku kalau nak cari yg sempurnâ€¦ https://t.co/7VqClwSNsz,awinsarahm,"Hamba Allah je


IG: awin.jairi",Johor-cyberjaya,2018-12-07 12:06:26,False,,,
,1070329388728647682,RT @AnasZahrin: I just wanted to remind you of how much you mean to me. You make me so happy and make my everyday so much better for me. Thâ€¦,awinsarahm,"Hamba Allah je


IG: awin.jairi",Johor-cyberjaya,2018-12-05 14:49:46,False,,,
,1070329141113671684,"RT @AnasZahrin: Jika seseorang mencintai kamu, dia akan sanggup lakukan apa sahaja tak kira wang, masa hatta segalanya untuk kamu tapi bilaâ€¦",awinsarahm,"Hamba Allah je


IG: awin.jairi",Johor-cyberjaya,2018-12-05 14:48:47,False,,,
,1070328721872056321,"RT @AnasZahrin: Its raining heavily outside. Now I realized, when we put too much hope. When we care too much, people take our sincerity foâ€¦",awinsarahm,"Hamba Allah je


IG: awin.jairi",Johor-cyberjaya,2018-12-05 14:47:07,False,,,
,1070328111798079489,"RT @AnasZahrin: You know what. Some people go through a lot and they just need to talk, share and express their feelings, sad feeling. Beinâ€¦",awinsarahm,"Hamba Allah je


IG: awin.jairi",Johor-cyberjaya,2018-12-05 14:44:42,False,,,
,1070201275579416576,"Hey, hereâ€™s RM 20.00 off your next meal if you order at foodpanda! https://t.co/AbNtLYmcHb",awinsarahm,"Hamba Allah je


IG: awin.jairi",Johor-cyberjaya,2018-12-05 06:20:42,False,,,
,1069580802604716034,Bodoh ke ap ni. Mana pergi belas kasihan https://t.co/xWJPLolJ6s,awinsarahm,"Hamba Allah je


IG: awin.jairi",Johor-cyberjaya,2018-12-03 13:15:09,False,,,
,1069577816537088000,Teringin nak main boxing tpi tak jumpa lagi dekat area cyberjaya ni. Haih la,awinsarahm,"Hamba Allah je


IG: awin.jairi",Johor-cyberjaya,2018-12-03 13:03:17,False,,,
,1069548912204075008,Dah lama buat lemak so ni masa utk buang pulak. ğŸ˜‚ https://t.co/vdHQpScfa2,awinsarahm,"Hamba Allah je


IG: awin.jairi",Johor-cyberjaya,2018-12-03 11:08:26,False,,,
,1069219704034619392,"RT @ShaykhAzhar: Today I received a message from someone suffering of severe depression. 

They described how they feel in these short wordâ€¦",awinsarahm,"Hamba Allah je


IG: awin.jairi",Johor-cyberjaya,2018-12-02 13:20:17,False,,,
,1069219577559572480,"RT @EZR4L: Coin laundry in Japan. Boleh letak phone number. Bila dah siap, dia akan call number kita. https://t.co/NkU9f77SUB",awinsarahm,"Hamba Allah je


IG: awin.jairi",Johor-cyberjaya,2018-12-02 13:19:47,False,,,
,1067303782613053447,"RT @ZulaikhaM: I canâ€™t send a BuddyBox cus Iâ€™m not in Malaysia BUT! if I could, here are my gift ideas:
- A candle from my fav candle shopâ€¦",awinsarahm,"Hamba Allah je


IG: awin.jairi",Johor-cyberjaya,2018-11-27 06:27:05,False,,,
,1067303471651553280,RT @bernamaradio: .@KKMPutrajaya menasihatkan pengguna supaya tidak memakan â€˜romaine lettuceâ€™ yang diimport dari Amerika Syarikat berikutanâ€¦,awinsarahm,"Hamba Allah je


IG: awin.jairi",Johor-cyberjaya,2018-11-27 06:25:51,False,,,
,1067303204088508416,"RT @cheminahsayang: hari ini dalam sejarah .....selpas 32 tahun berkawin, saya cuba makan ikan patin masak tempoyak ... sedap pulak https:/â€¦",awinsarahm,"Hamba Allah je


IG: awin.jairi",Johor-cyberjaya,2018-11-27 06:24:48,False,,,
,1067302739829387265,"RT @touchmedia0: Salam guys admin nak bagi offer student ni.

Services laptop hanya tambah RM10 shj kalau korang nak format laptop.

Normalâ€¦",awinsarahm,"Hamba Allah je


IG: awin.jairi",Johor-cyberjaya,2018-11-27 06:22:57,False,,,
,1067227162971844608,"RT @soulusiMY: Eco Majestic, Semenyih. Lawa GIla ğŸ˜ https://t.co/oJ8mjKtASv",awinsarahm,"Hamba Allah je


IG: awin.jairi",Johor-cyberjaya,2018-11-27 01:22:38,False,,,
,1067004260099866624,"RT @zaful_official: Zaful Best-Selling! ğŸ”¥
Which color is yours? ğŸ˜
FREE Shipping Worldwide! âœˆâœˆ
https://t.co/ptqaFbfkCh",awinsarahm,"Hamba Allah je


IG: awin.jairi",Johor-cyberjaya,2018-11-26 10:36:54,False,,,
,1067002873672720385,"Been diagnosed with anxiety and depression it's not easy. 
I have to act like a normal person but deep inside it's killing me",awinsarahm,"Hamba Allah je


IG: awin.jairi",Johor-cyberjaya,2018-11-26 10:31:23,False,,,
,1066978585456500736,RT @better_me_app: Losing weight at home made easy with BetterMe Workout plan.Â Install App and Start Free 7-Day Trial! Are you in??? ğŸ™‹ğŸ»ğŸ™‹ğŸ½ğŸ™‹ğŸ¿,awinsarahm,"Hamba Allah je


IG: awin.jairi",Johor-cyberjaya,2018-11-26 08:54:52,False,,,
,1066978516284010496,"RT @AimanPsikologis: Suicide case tak semestinya sebab seseorang itu ada Depression.

Dan setiap pejuang Depression tak semestinya akan memâ€¦",awinsarahm,"Hamba Allah je


IG: awin.jairi",Johor-cyberjaya,2018-11-26 08:54:36,False,,,
,1066683816482242560,"RT @inteleket: Bila sambung belajar ke oversea, terutamanya negara yang minoriti muslim seperti Australia atau New Zealand, biasanya ada peâ€¦",awinsarahm,"Hamba Allah je


IG: awin.jairi",Johor-cyberjaya,2018-11-25 13:23:34,False,,,
,1066400717907218432,RT @awannjebat: My Students Saved Me From Depression. [A thread] https://t.co/PN7JaCiW0t,awinsarahm,"Hamba Allah je


IG: awin.jairi",Johor-cyberjaya,2018-11-24 18:38:38,False,,,
,1066003142179835904,"RT @itsteme: We sometimes make bad decisions &amp; mistakes.
That's normal. Just make sure it won't happen again.

It's okay.
Past is past.
Leaâ€¦",awinsarahm,"Hamba Allah je


IG: awin.jairi",Johor-cyberjaya,2018-11-23 16:18:49,False,,,
,1065649709769838592,RT @better_me_app: ğŸ”¥Install App Now And Get Free 7-Day Trial of The Best Meal&amp;Workout Plan for Your Body Type ğŸ’ªğŸ’ªğŸ’ª,awinsarahm,"Hamba Allah je


IG: awin.jairi",Johor-cyberjaya,2018-11-22 16:54:24,False,,,
,1065108622554804224,"RT @santeira: Aku memang nyampah tengok budak2 woke yang kutuk Melayu tapi belajar kat UiTM. Kalau kau hebat, gi amik law course dekat UM kâ€¦",awinsarahm,"Hamba Allah je


IG: awin.jairi",Johor-cyberjaya,2018-11-21 05:04:19,False,,,
,1064774444202123269,Pubg pun bolehğŸ˜‚ https://t.co/Rn5K6Okz40,awinsarahm,"Hamba Allah je


IG: awin.jairi",Johor-cyberjaya,2018-11-20 06:56:24,False,,,
,1064773806189830145,Gula pun tak Manis mcm awkğŸ˜‚ https://t.co/yYb6BKIMwm,awinsarahm,"Hamba Allah je


IG: awin.jairi",Johor-cyberjaya,2018-11-20 06:53:52,False,,,
,1064769604310859776,"RT @DrAmalinaBakri: â€œGreat minds discuss ideas, average minds discuss events, small minds discuss people.â€",awinsarahm,"Hamba Allah je


IG: awin.jairi",Johor-cyberjaya,2018-11-20 06:37:10,False,,,
,1064495486625665024,"RT @farisharaz: RT SUPAYA BOYFREN HADIAHKAN MACAM NI ğŸ§šğŸ»â€â™€ï¸

Apa? Nak tema selain makeup? 
Boleh je !

https://t.co/4IB9nwO9pF

ğŸ§šğŸ»â€â™€ï¸ Surpriâ€¦",awinsarahm,"Hamba Allah je


IG: awin.jairi",Johor-cyberjaya,2018-11-19 12:27:56,False,,,
,1064483285378560002,@DrAmerSiddiqPsy Hi Dr! I yg pernah tanya Dr before this about fluvoxamine n I ad thyroid and I dah jumpa with specâ€¦ https://t.co/qlJvJxZsgX,awinsarahm,"Hamba Allah je


IG: awin.jairi",Johor-cyberjaya,2018-11-19 11:39:27,False,,,
,1064037880463482882,RT @DrAmalinaBakri: Saya terpanggil untuk memberi kenyataan. Terima kasih. https://t.co/ebu5tBQa7A,awinsarahm,"Hamba Allah je


IG: awin.jairi",Johor-cyberjaya,2018-11-18 06:09:34,False,,,
,1064037528653651968,Kadang benda yg Kita tak suka boleh jdi benda yg paling Kita suka sekali,awinsarahm,"Hamba Allah je


IG: awin.jairi",Johor-cyberjaya,2018-11-18 06:08:10,False,,,
,1063845330465091584,"RT @sufiansuhaimi_: Orang yang cepat move on ni biasanya dua jenis:
1. Dia seorang yang kuat, bertenang, matang lagi tabah.
2. Masa bercintâ€¦",awinsarahm,"Hamba Allah je


IG: awin.jairi",Johor-cyberjaya,2018-11-17 17:24:26,False,,,
,1063480702878941184,"RT @itsteme: Don't spend too much time on regret.
It's never too late to start again.

You can't go back &amp; change everything from the beginâ€¦",awinsarahm,"Hamba Allah je


IG: awin.jairi",Johor-cyberjaya,2018-11-16 17:15:32,False,,,
,1063480445193469954,"RT @shafizanjohari: Saya, penerbit di Astro Awani, kini mencari mana2 kumpulan sukarelawan yg melibatkan diri dalam aktiviti membantu masyaâ€¦",awinsarahm,"Hamba Allah je


IG: awin.jairi",Johor-cyberjaya,2018-11-16 17:14:31,False,,,
,1063366120839634944,"Ada APA dgn cinta
Yg pasti Aku sndiri tak fahamğŸ˜‚",awinsarahm,"Hamba Allah je


IG: awin.jairi",Johor-cyberjaya,2018-11-16 09:40:14,False,,,
,1062983395846713344,Dtg melaka sbab nak makan asam pedas. Fuhh,awinsarahm,"Hamba Allah je


IG: awin.jairi",Johor-cyberjaya,2018-11-15 08:19:25,False,,,
,1062745844590370822,"RT @syfdnalias: Ni petang tadi aku gi JBR Bundle Sri Damansara. Keluasan bundle ni aku boleh ibaratkan, seluas stadium Selayang. Punyalah bâ€¦",awinsarahm,"Hamba Allah je


IG: awin.jairi",Johor-cyberjaya,2018-11-14 16:35:28,False,,,
,1062745586128932864,"Hari yg sgt memenatkan
Seharian pakai heels hri ni rsa mcm nak tertanggal je kakiğŸ˜­",awinsarahm,"Hamba Allah je


IG: awin.jairi",Johor-cyberjaya,2018-11-14 16:34:27,False,,,
,1062738117239533568,"RT @NajibRazak: Saya guna Facebook bersuara sedikit sahaja Maszlee dah tercungap-cungap berlari ke Kabinet minta kembalikan Baucar Buku.

Bâ€¦",awinsarahm,"Hamba Allah je


IG: awin.jairi",Johor-cyberjaya,2018-11-14 16:04:46,False,,,
,1062709158242185217,"RT @cikly82: Guys, utk KL &amp; Selangor, korang boleh cadangkan tempat surau PPR atau flat yang  banyak Asnaf utk kita sampaikan 50 pax makanaâ€¦",awinsarahm,"Hamba Allah je


IG: awin.jairi",Johor-cyberjaya,2018-11-14 14:09:42,False,,,
,1062703089939927040,Bakal Suri hati awakğŸ˜‚ https://t.co/fzWRUNaC98,awinsarahm,"Hamba Allah je


IG: awin.jairi",Johor-cyberjaya,2018-11-14 13:45:35,False,,,
,1062614424421158914,"RT @PEPPERONIECHAN: [RT] 
My mother is starting up a business in selling her handmade mats and baskets using tali plastik (or tali pengikatâ€¦",awinsarahm,"Hamba Allah je


IG: awin.jairi",Johor-cyberjaya,2018-11-14 07:53:15,False,,,
,1062604113572057089,RT @iwanqais: Abg offer lexis pd rm290/night sahaja.. https://t.co/SmlTCvThPi,awinsarahm,"Hamba Allah je


IG: awin.jairi",Johor-cyberjaya,2018-11-14 07:12:17,False,,,
,1062600694417391616,"RT @Neelofa: Innalillah, my condolences and prayers go to Zaibo and his family on his passing. I will always remember him for his work on Sâ€¦",awinsarahm,"Hamba Allah je


IG: awin.jairi",Johor-cyberjaya,2018-11-14 06:58:42,False,,,
,1062566260158935040,Tenang https://t.co/u7JFhbtoQ5,awinsarahm,"Hamba Allah je


IG: awin.jairi",Johor-cyberjaya,2018-11-14 04:41:52,False,,,
,1062396965713981440,"RT @arepyong: Yo, makciks and pakciks need to stop encouraging early marriage. Iâ€™ll get married when Iâ€™m financially stable and whenever thâ€¦",awinsarahm,"Hamba Allah je


IG: awin.jairi",Johor-cyberjaya,2018-11-13 17:29:09,False,,,
,1062393034896171008,@faridkarim_ Kalau rezeki awal InsyaAllah. Tak kisah pun sbab rezeki Allah Tu luas yg penting niat kita. Kahwin punâ€¦ https://t.co/063SBqseAV,awinsarahm,"Hamba Allah je


IG: awin.jairi",Johor-cyberjaya,2018-11-13 17:13:32,False,,,
,1062382096621101056,"Ni link website 
https://t.co/QYMp1larVo",awinsarahm,"Hamba Allah je


IG: awin.jairi",Johor-cyberjaya,2018-11-13 16:30:04,False,,,
,1062381679803678720,"Mata ni degil still tak nak tdo 
Esok kena bangun awal keje ğŸ˜­",awinsarahm,"Hamba Allah je


IG: awin.jairi",Johor-cyberjaya,2018-11-13 16:28:25,False,,,
,1062380240092061696,RT @HannahCalmDown: The fact that people are saying that westerners kahwin lambat okay sebab boleh ada â€œâ€â€perhubunganâ€â€â€ luar nikah rly higâ€¦,awinsarahm,"Hamba Allah je


IG: awin.jairi",Johor-cyberjaya,2018-11-13 16:22:41,False,,,
,1062375994164559872,Arwah daddy I pun pesan yg sama kat I ğŸ˜­ https://t.co/ehmpDigoEF,awinsarahm,"Hamba Allah je


IG: awin.jairi",Johor-cyberjaya,2018-11-13 16:05:49,False,,,
,1062375297364910080,"Ad org cakap kalau terima ex balik ibarat jilat ludah balik
Betul ke ğŸ˜‚",awinsarahm,"Hamba Allah je


IG: awin.jairi",Johor-cyberjaya,2018-11-13 16:03:03,False,,,
,1062344398644506625,"Dah balik cyber ni susah pulak nak lelap mata
Dri tadi duk tgok kipas ni pusing smpai peningğŸ¤£",awinsarahm,"Hamba Allah je


IG: awin.jairi",Johor-cyberjaya,2018-11-13 14:00:16,False,,,
,1062261195254591488,"RT @AbdillahSupi: Tips of the day! 

Jika suami minta poligami,  Jangan minta cerai. Puan - puan minta harta dulu.

Minta suami buat permohâ€¦",awinsarahm,"Hamba Allah je


IG: awin.jairi",Johor-cyberjaya,2018-11-13 08:29:39,False,,,
,1062260585734107136,"RT @AsawaeOfAsh: Depression is a choice.

Now, before you pissed, Iâ€™ll explain.

99% of â€œdepressedâ€ people CHOOSE to:

â€¢ Avoid the sun
â€¢ Eaâ€¦",awinsarahm,"Hamba Allah je


IG: awin.jairi",Johor-cyberjaya,2018-11-13 08:27:14,False,,,
,1062238327124897792,LaparğŸ˜­,awinsarahm,"Hamba Allah je


IG: awin.jairi",Johor-cyberjaya,2018-11-13 06:58:47,False,,,
,1062180314498260992,Nak jugak ğŸ˜­ https://t.co/Vpm46Zk5QW,awinsarahm,"Hamba Allah je


IG: awin.jairi",Johor-cyberjaya,2018-11-13 03:08:15,False,,,
,1062173988527329280,Hello cyberjaya. Finally balik utk smbung kerja yg dah lama tertangguhğŸ™Š,awinsarahm,"Hamba Allah je


IG: awin.jairi",Johor-cyberjaya,2018-11-13 02:43:07,False,,,
,1062145361622384641,@sayadrsakinah Wahhh. Bagus2. Jgn putus asa okay! Teruskan. I pun terima bnda yg sama asyik dpat card je smpai orgâ€¦ https://t.co/mwvipNen4Z,awinsarahm,"Hamba Allah je


IG: awin.jairi",Johor-cyberjaya,2018-11-13 00:49:22,False,,,
,1062144722255278080,@ebnu_amin True. But mostly mentality org kita skrg different. Bila msuk 25 tak kahwin lagi kena cop tak laku n takâ€¦ https://t.co/kGzfniJmla,awinsarahm,"Hamba Allah je


IG: awin.jairi",Johor-cyberjaya,2018-11-13 00:46:50,False,,,
,1062028405112074240,RT @fikrisyafiq92: ajar inhaler dgn sorg nenek ni.. dia asyik gelak je dari mula sampai abis.. lepas gelak pukul2 badan aku.. kesudah makciâ€¦,awinsarahm,"Hamba Allah je


IG: awin.jairi",Johor-cyberjaya,2018-11-12 17:04:37,False,,,
,1061989660916760576,Agreed Dr! I yg dah 25 ni pun tak kahwin lagi even my friend semua dah kahwin siap ad anak ğŸ˜‚ https://t.co/miI5TjmIai,awinsarahm,"Hamba Allah je


IG: awin.jairi",Johor-cyberjaya,2018-11-12 14:30:40,False,,,
,1061959667532750848,RT @aaizatnizam: Resume/cv dah siap cantik ikut format tapi tak tahu nak tulis apa masa hantar email permohonan kerja. Takpe korang boleh râ€¦,awinsarahm,"Hamba Allah je


IG: awin.jairi",Johor-cyberjaya,2018-11-12 12:31:29,False,,,
,1061903480875405312,"Ada tak yg nak jdi partner aku msa wedding sepupu aku nanti
Malas nak g sorang sbab nanti kena jdi bahan anak dara tak lakuğŸ˜‚",awinsarahm,"Hamba Allah je


IG: awin.jairi",Johor-cyberjaya,2018-11-12 08:48:13,False,,,
,1061899154358562817,"RT @aaziefkhalid: Cancer is such a horrible disease, I wouldnâ€™t wish it upon my worst enemy. Itâ€™s a living nightmare, and those that go thrâ€¦",awinsarahm,"Hamba Allah je


IG: awin.jairi",Johor-cyberjaya,2018-11-12 08:31:02,False,,,
,1061899057335984128,@asniranasrah @IlhamZulkiflie Msu jugak yg kenağŸ˜‚,awinsarahm,"Hamba Allah je


IG: awin.jairi",Johor-cyberjaya,2018-11-12 08:30:39,False,,,
,1061881993367977984,RT @syuhailaaaaa: Lelaki tolong hadamkan yaa @thefaizibrahim https://t.co/btPW76Y751,awinsarahm,"Hamba Allah je


IG: awin.jairi",Johor-cyberjaya,2018-11-12 07:22:50,False,,,
,1061880804358283264,"Kalau betul aku pun nak
Best kot dpat pilot boleh g travel sama2
Kahkah https://t.co/XDsoyeqU03",awinsarahm,"Hamba Allah je


IG: awin.jairi",Johor-cyberjaya,2018-11-12 07:18:07,False,,,
,1061879729588887553,"24 ni sepupu aku kahwin 
Rasa mcm malas nak balik pun Ada sbab nanti mesti kena ejek takde calon suami lagi smpai sâ€¦ https://t.co/fmf75ED1Yr",awinsarahm,"Hamba Allah je


IG: awin.jairi",Johor-cyberjaya,2018-11-12 07:13:50,False,,,
,1061790638104932352,Nak kena buat jugak mcm ni.ğŸ¤£ https://t.co/Q7o936gPju,awinsarahm,"Hamba Allah je


IG: awin.jairi",Johor-cyberjaya,2018-11-12 01:19:49,False,,,
,1061681892599095296,"RT @IsskndarAriffin: Kedai exclusive dan selesa, servis tiptop, nampak macam mahal tapi murah weh! RM15 je haircut sekarang.

ğŸ“Waze: The Laâ€¦",awinsarahm,"Hamba Allah je


IG: awin.jairi",Johor-cyberjaya,2018-11-11 18:07:42,False,,,
,1061676005016784896,@brgsjks I dlu kat msu pun kalau tak ckup duit I gunakan duit yg I dpat meniaga laksa jual kat classmates n then prâ€¦ https://t.co/Osnm9Oxq3H,awinsarahm,"Hamba Allah je


IG: awin.jairi",Johor-cyberjaya,2018-11-11 17:44:19,False,,,
,1061672498943541248,Mata ni susahnya nak lelap,awinsarahm,"Hamba Allah je


IG: awin.jairi",Johor-cyberjaya,2018-11-11 17:30:23,False,,,
,1061670135885324288,"RT @fatiniismadi_: PELUANG BELAJAR DI NEGARA TEMBOK BESAR CHINA DENGAN BIASISWA ATAU BIAYA SENDIRI.

Boleh baca details dan pm whatsapp ataâ€¦",awinsarahm,"Hamba Allah je


IG: awin.jairi",Johor-cyberjaya,2018-11-11 17:20:59,False,,,
,1061653492798939141,"RT @embunkarina_: job vacancy

looking for web editor cum web designer for 2 months. project base

familiar dengan wordpress dah memadai

Aâ€¦",awinsarahm,"Hamba Allah je


IG: awin.jairi",Johor-cyberjaya,2018-11-11 16:14:51,False,,,
,1061623953943289856,"Tadi stalk ig crush aku dia duk main guitar main lagu sedih mcm gaduh dgn gf je
Sepatutnya aku rasa happy la Kan kaâ€¦ https://t.co/29wN36CmvP",awinsarahm,"Hamba Allah je


IG: awin.jairi",Johor-cyberjaya,2018-11-11 14:17:29,False,,,
,1061557347510669312,"RT @harleivy: depression culture is:

-sleeping for 12 hours straight &amp; waking up still feeling tired/exhausted

-either being completely nâ€¦",awinsarahm,"Hamba Allah je


IG: awin.jairi",Johor-cyberjaya,2018-11-11 09:52:49,False,,,
,1061544680108711936,"RT @SauravMorshed: Six things to remember about medicine;

1. Vaccines dont cause autism.
2. Vitamin pills are usually just end up as expenâ€¦",awinsarahm,"Hamba Allah je


IG: awin.jairi",Johor-cyberjaya,2018-11-11 09:02:28,False,,,
,1061519647957086208,"Bila tiba hujan je mesti perut berbunyi sdgkan baru makan
Ada saka ke mcm mana niğŸ˜­",awinsarahm,"Hamba Allah je


IG: awin.jairi",Johor-cyberjaya,2018-11-11 07:23:00,False,,,
,1061512122033557504,RT @DrAmerSiddiqPsy: These are messages of hope to all people struggling with schizophrenia in Malaysia. Messages from your psychiatrists.â€¦,awinsarahm,"Hamba Allah je


IG: awin.jairi",Johor-cyberjaya,2018-11-11 06:53:06,False,,,
,1061481607863795712,Bile ulang bnyak kali lagu why ost full house Korean drama ni asyik keje nak berangan je jumpa lelaki yg  ego tpi aâ€¦ https://t.co/UTesMO9JoG,awinsarahm,"Hamba Allah je


IG: awin.jairi",Johor-cyberjaya,2018-11-11 04:51:51,False,,,
,1061456119866961920,"RT @worknco: Masih lagi keliru nak guna ""to"", ""for"", ""from"", ""on"", ""about"" atau ""with""?

Ada beberapa contoh untuk rujukan korang ğŸ˜Š https:/â€¦",awinsarahm,"Hamba Allah je


IG: awin.jairi",Johor-cyberjaya,2018-11-11 03:10:34,False,,,
,1061454934019731457,RT @knixx_5744: @mindakami It took me some time and courage to seek help from psychiatrist. It took me great courage too to admit on soc meâ€¦,awinsarahm,"Hamba Allah je


IG: awin.jairi",Johor-cyberjaya,2018-11-11 03:05:51,False,,,
,1061452403508047872,"RT @DrAmerSiddiqPsy: Sunday morning musings. 
Words can kill. Please use them wisely especially people who are in distress and suicidal.â€¦",awinsarahm,"Hamba Allah je


IG: awin.jairi",Johor-cyberjaya,2018-11-11 02:55:48,False,,,
,1061451197192667139,RT @MauKerjaMY: https://t.co/ayGVP2CVHM https://t.co/TjOHny3tPK,awinsarahm,"Hamba Allah je


IG: awin.jairi",Johor-cyberjaya,2018-11-11 02:51:00,False,,,
,1061451187931668480,"RT @MauKerjaMY: https://t.co/ayGVP2CVHM

Panduan jawab soalan interview. Ni panduan je tau kalau korang nak jawab ikut kesesuaian masing-maâ€¦",awinsarahm,"Hamba Allah je


IG: awin.jairi",Johor-cyberjaya,2018-11-11 02:50:58,False,,,
,1061448755784765440,"RT @AkuSurvivor: Time kat uni dlu lecturer minta buat group discussion. Bila nak join satu group ni, sorg mamat ckp kuat2 â€œWei, ko gemuk nâ€¦",awinsarahm,"Hamba Allah je


IG: awin.jairi",Johor-cyberjaya,2018-11-11 02:41:18,False,,,
,1061446530790375424,"RT @iwanqais: Tempat yang makin terkenal untuk SANTAI HUJUNG MINGGU.

Chengal Hill Retreat, Janda Baik, Pahang â™¥ï¸ https://t.co/JLeIo6Itqd",awinsarahm,"Hamba Allah je


IG: awin.jairi",Johor-cyberjaya,2018-11-11 02:32:28,False,,,
,1061442980249128960,RT @HajiMat5: Milo yg saya baru beli nasib baik ORI https://t.co/Edq3gNp2ui,awinsarahm,"Hamba Allah je


IG: awin.jairi",Johor-cyberjaya,2018-11-11 02:18:21,False,,,
,1061442573674328064,"RT @jentikhati: ADA MEMBER KONGSIKAN TIPS TAKNAK NERVOUS ;

Amalkan baca ni sementara menunggu giliran:

â€¢Ya Latif (ulang banyak kali) 
â€¢Raâ€¦",awinsarahm,"Hamba Allah je


IG: awin.jairi",Johor-cyberjaya,2018-11-11 02:16:44,False,,,
,1061439933896830977,"RT @pmbrutiketmurah: Korang tahu tak malam ni ada promosi AirAsia Free Seats? So, kami nak beri sedikit tips untuk korang bila memburu tikeâ€¦",awinsarahm,"Hamba Allah je


IG: awin.jairi",Johor-cyberjaya,2018-11-11 02:06:15,False,,,
,1061418929308876802,"RT @9GAG: The biggest communication problem is we donâ€™t listen to understand. 

We listen to reply.",awinsarahm,"Hamba Allah je


IG: awin.jairi",Johor-cyberjaya,2018-11-11 00:42:47,False,,,
,1061418805400760320,"RT @slothsuu: honestly, depression sucks. If you are going through a stage in your life when you feel lost or desolated, don't be afraid toâ€¦",awinsarahm,"Hamba Allah je


IG: awin.jairi",Johor-cyberjaya,2018-11-11 00:42:18,False,,,
,1061307089975275520,"Dah berapa kali menguap rasa ngantuk tpi still tak boleh pejam mata. 
Seksa betul rasa niğŸ˜­",awinsarahm,"Hamba Allah je


IG: awin.jairi",Johor-cyberjaya,2018-11-10 17:18:23,False,,,
,1061303260454125568,"RT @hnhrflrn: Doa macam ni.

"" Ya Allah, jatuh cintakan aku dengan jodohku sahaja. Kerana aku tidak mahu kecewa dengan cinta manusia. Dan jâ€¦",awinsarahm,"Hamba Allah je


IG: awin.jairi",Johor-cyberjaya,2018-11-10 17:03:10,False,,,
,1061300335459717120,"RT @AdDien90: From my observation:

Twitter makin banyak post putus cinta, nak cinta, expose curang.

IG makin banyak budak we chat.

Betulâ€¦",awinsarahm,"Hamba Allah je


IG: awin.jairi",Johor-cyberjaya,2018-11-10 16:51:32,False,,,
,1061289384584990722,"RT @itsteme: I know you're nervous,
I know you're worried.
That's completely normal.
It's the brain's way of telling you there's somethingâ€¦",awinsarahm,"Hamba Allah je


IG: awin.jairi",Johor-cyberjaya,2018-11-10 16:08:01,False,,,
,1061282810802069506,RT @zizan_ali: Ok malaysian! Go! https://t.co/r6agrgD1Rj,awinsarahm,"Hamba Allah je


IG: awin.jairi",Johor-cyberjaya,2018-11-10 15:41:54,False,,,
,1061274809714147328,@rizarul Pakwe jauh okay lagi dri takde pakwe lpas tu tgok movie sorangğŸ˜‚,awinsarahm,"Hamba Allah je


IG: awin.jairi",Johor-cyberjaya,2018-11-10 15:10:06,False,,,
,1061267224671842304,@DrAmerSiddiqPsy Okay thank you so much Dr.,awinsarahm,"Hamba Allah je


IG: awin.jairi",Johor-cyberjaya,2018-11-10 14:39:58,False,,,
,1061266538009788418,"Ingat lagi hri tu masa admit ward Dr pun pelik tgok aku ni tak reti dduk diam
Bayangkan la patients lain baring jeâ€¦ https://t.co/Vq0ujsJJNo",awinsarahm,"Hamba Allah je


IG: awin.jairi",Johor-cyberjaya,2018-11-10 14:37:14,False,,,
,1061264255536660481,@anisaisyah1111 @SyhmiInani @AimanPsikologis Ouhh. Okay thanks sbab share. First time dgr hoarding disorders,awinsarahm,"Hamba Allah je


IG: awin.jairi",Johor-cyberjaya,2018-11-10 14:28:10,False,,,
,1061263079957118976,@DrAmerSiddiqPsy Dr I nak tanya bru2 ni i di diagnosed with depression &amp; anxiety but at the same time I ad hyperthyâ€¦ https://t.co/W6KUVpJMpt,awinsarahm,"Hamba Allah je


IG: awin.jairi",Johor-cyberjaya,2018-11-10 14:23:30,False,,,
,1061260871597350912,@AimanPsikologis Hoarding disorders Tu ap yeğŸ˜…,awinsarahm,"Hamba Allah je


IG: awin.jairi",Johor-cyberjaya,2018-11-10 14:14:43,False,,,
,1061253316200394758,Susah jugak nak cari org yg ikhlas bila kawan dgn kita. I just need someone yg boleh dgr ap yg I nak share. Kadangâ€¦ https://t.co/1VTbpnV7AF,awinsarahm,"Hamba Allah je


IG: awin.jairi",Johor-cyberjaya,2018-11-10 13:44:42,False,,,
,1061193631216717824,Rasa nak demam tpi tak jdi nak demam. Haa mcm mana tuğŸ˜‚,awinsarahm,"Hamba Allah je


IG: awin.jairi",Johor-cyberjaya,2018-11-10 09:47:32,False,,,
,1061187336107511808,@ericrosli Alhamdulilah. Nasi kandaq kat food court klia2 sedap,awinsarahm,"Hamba Allah je


IG: awin.jairi",Johor-cyberjaya,2018-11-10 09:22:31,False,,,
,1061171615063392256,"RT @AimanPsikologis: There is no such thing as a little pregnant. It's either you are pregnant, or not.

Same as,

There is no such thing aâ€¦",awinsarahm,"Hamba Allah je


IG: awin.jairi",Johor-cyberjaya,2018-11-10 08:20:03,False,,,
,1061130193471909888,@ericrosli I see. Ramai tak yg dtg interview tadi? Takpe lunch ni makan lebih skit. Bismilah jgn lupağŸ˜‚,awinsarahm,"Hamba Allah je


IG: awin.jairi",Johor-cyberjaya,2018-11-10 05:35:27,False,,,
,1061103589970468865,"RT @bingregory: It's funny that kain batik feels unmanly or even like crossdressing to some malaysian guys, when from an outsider's perspecâ€¦",awinsarahm,"Hamba Allah je


IG: awin.jairi",Johor-cyberjaya,2018-11-10 03:49:44,False,,,
,1061102609866444800,"RT @mimierhmn: Love is when you're able to finish each other's sentences, sync your speech and move with theirs, annoy one another, empowerâ€¦",awinsarahm,"Hamba Allah je


IG: awin.jairi",Johor-cyberjaya,2018-11-10 03:45:51,False,,,
,1061102534075473920,RT @arlinabanana: I cuma nak satu juta ringgit je ğŸ˜­ Takde siapa nak surprisekan I ke!!,awinsarahm,"Hamba Allah je


IG: awin.jairi",Johor-cyberjaya,2018-11-10 03:45:33,False,,,
,1061102506522996737,@arlinabanana Satu juta ringgit I takde tpi seringit I ada. Nak takğŸ˜‚,awinsarahm,"Hamba Allah je


IG: awin.jairi",Johor-cyberjaya,2018-11-10 03:45:26,False,,,
,1061094640646946816,@ericrosli Dah tadi bangun terus buat nasi goreng. You dah breakfast? Nak msuk lunch Jap lagi niğŸ˜‚,awinsarahm,"Hamba Allah je


IG: awin.jairi",Johor-cyberjaya,2018-11-10 03:14:11,False,,,
,1061094420936777728,RT @ericrosli: @awinsarahm Dah breakfast?,awinsarahm,"Hamba Allah je


IG: awin.jairi",Johor-cyberjaya,2018-11-10 03:13:18,False,,,
,1061089844888166400,"RT @aaizatnizam: ADAB PERMOHONAN KERJA MELALUI EMAIL

KREDIT :AZRAIE https://t.co/cNyAoP4QsD",awinsarahm,"Hamba Allah je


IG: awin.jairi",Johor-cyberjaya,2018-11-10 02:55:07,False,,,
,1061089670337974272,"RT @AimanPsikologis: ""Schadenfreude - Pleasure derived by someone from another person's misfortune.""

Serius aku tak faham dengan nilai morâ€¦",awinsarahm,"Hamba Allah je


IG: awin.jairi",Johor-cyberjaya,2018-11-10 02:54:26,False,,,
,1061087595986247680,RT @cikly82: Guys..  Dalam masa yang ada ni nak mintak korang rerweet program ini dan join kami untuk Seminar &amp; Bengkel Menangani Kesihatanâ€¦,awinsarahm,"Hamba Allah je


IG: awin.jairi",Johor-cyberjaya,2018-11-10 02:46:11,False,,,
,1061079266429816832,@khairushdi @AimanPsikologis @mindakami Truth. Totally agreed bro! I yg ad depression and anxiety pun kadang bile bâ€¦ https://t.co/NYm0SzxWtu,awinsarahm,"Hamba Allah je


IG: awin.jairi",Johor-cyberjaya,2018-11-10 02:13:05,False,,,
,1061073399961706496,RT @soulusiMY: @xidzhamohidzham Hi. Boleh check personaliti awak kat sini ya! ğŸ˜„ https://t.co/RiIyvZ6oFy,awinsarahm,"Hamba Allah je


IG: awin.jairi",Johor-cyberjaya,2018-11-10 01:49:46,False,,,
,1061072639316254720,RT @HRHJohorII: I donâ€™t understand why people are so obsessed with all these whitening products. Stop buying these whitening products. Be pâ€¦,awinsarahm,"Hamba Allah je


IG: awin.jairi",Johor-cyberjaya,2018-11-10 01:46:45,False,,,
,1061072476937932803,RT @DrAmerSiddiqPsy: Malaysia bila lagi?! @KKMPutrajaya @DrDzul https://t.co/MD94g4ri1j,awinsarahm,"Hamba Allah je


IG: awin.jairi",Johor-cyberjaya,2018-11-10 01:46:06,False,,,
,1061071995704463361,@ericrosli Morning ğŸŒ»,awinsarahm,"Hamba Allah je


IG: awin.jairi",Johor-cyberjaya,2018-11-10 01:44:12,False,,,
,1060473884485419008,"RT @uniklvoice: Ada tak Programmer or Web Developer yang tengah cari kerja? Kalau ada boleh DM @zachHussin . 

@UniKLOfficial @twt_kerja @Oâ€¦",awinsarahm,"Hamba Allah je


IG: awin.jairi",Johor-cyberjaya,2018-11-08 10:07:31,False,,,
,1060472300800069632,"RT @LeeChongWei: I am slowly but surely recovering, and will continue to train to play in the court once again. Thanks to all the media forâ€¦",awinsarahm,"Hamba Allah je


IG: awin.jairi",Johor-cyberjaya,2018-11-08 10:01:13,False,,,
,1060471839028273152,RT @ericrosli: Hey Twittianz! There are available spots for 2 practical students at Malindo Air. They will be attached to the Procurement Dâ€¦,awinsarahm,"Hamba Allah je


IG: awin.jairi",Johor-cyberjaya,2018-11-08 09:59:23,False,,,
,1060438504776200193,"Normal la tu, teringat masa study dkat msu dlu bile mana duit pt msuk satu sem dpat RM150 je. Dgn duit tulah survivâ€¦ https://t.co/5N3ghog30Y",awinsarahm,"Hamba Allah je


IG: awin.jairi",Johor-cyberjaya,2018-11-08 07:46:56,False,,,
,1060437049147195393,RT @DreamsRuleMe: Never forget your Dreams. Hold on to them and have them be your guiding light throughout all the darkness you may go throâ€¦,awinsarahm,"Hamba Allah je


IG: awin.jairi",Johor-cyberjaya,2018-11-08 07:41:09,False,,,
,1060429747367305218,Orang kalau cantik n hensem ni kalau buat apa pun mesti cepat naik follower. Mcm aku ni dah la tak lawa lpas tu mukâ€¦ https://t.co/mYUzVwTo4Y,awinsarahm,"Hamba Allah je


IG: awin.jairi",Johor-cyberjaya,2018-11-08 07:12:08,False,,,
,1060406323722899456,Nak tgok lagi bnyak collection boleh pergi dekat https://t.co/QYMp1larVo https://t.co/eB7gmhutS8,awinsarahm,"Hamba Allah je


IG: awin.jairi",Johor-cyberjaya,2018-11-08 05:39:03,False,,,
,1060404867481497601,"Please share rezeki I ni dgn retweet balik. Semoga murah rezeki korang nantiğŸ˜˜
#RetweeetPlease #RETWEEET # https://t.co/LJsOdQq2as",awinsarahm,"Hamba Allah je


IG: awin.jairi",Johor-cyberjaya,2018-11-08 05:33:16,False,,,
,1060403708112957440,"RT @Tutiiryani1: Sebar-sebarkan!

@BefriendersKL @DrAmerSiddiqPsy @AimanPsikologis @aimanazlan90 @mindakami https://t.co/VlsqAye3dV",awinsarahm,"Hamba Allah je


IG: awin.jairi",Johor-cyberjaya,2018-11-08 05:28:40,False,,,
,1060197403511255040,"RT @Dr_Shaiful: Adakah anda kerap BERDENGKUR sewaktu tidur? Sering mengantuk dan tidak bertenaga di siang hari? 

AWAS..!! Anda mungkin menâ€¦",awinsarahm,"Hamba Allah je


IG: awin.jairi",Johor-cyberjaya,2018-11-07 15:48:53,False,,,
,1060174116043415553,Been diagnosed with depression and anxiety it's not easy coz I have to go through all my day and act like a normalâ€¦ https://t.co/GSFRvBF5BM,awinsarahm,"Hamba Allah je


IG: awin.jairi",Johor-cyberjaya,2018-11-07 14:16:21,False,,,
,1060162691841449985,RT @KKMPutrajaya: Lobak merah memang popular kerana banyak khasiatnya! https://t.co/fZDFqCoCls,awinsarahm,"Hamba Allah je


IG: awin.jairi",Johor-cyberjaya,2018-11-07 13:30:57,False,,,
,1060158841244000257,RT @BefriendersKL: 7 ways to be supportive when dating someone with depression https://t.co/zpnU9IOVP9 (via ) #depression #mentalhealth,awinsarahm,"Hamba Allah je


IG: awin.jairi",Johor-cyberjaya,2018-11-07 13:15:39,False,,,
,1060070691569983488,RT @ashishakhan: tolong doakan Abah â™¥ï¸ doakan Allah take away his pain ğŸ˜” https://t.co/SqFU97lt75,awinsarahm,"Hamba Allah je


IG: awin.jairi",Johor-cyberjaya,2018-11-07 07:25:22,False,,,
,1060064055866478593,"RT @aaizatnizam: ""KITA MUDAHKN URUSAN ORG LAIN,
ALLAH MUDAHKAN URUSAN KITA""

Korang yg baru start kojo,  jom bljr drpd pnglman orang? Cik Aâ€¦",awinsarahm,"Hamba Allah je


IG: awin.jairi",Johor-cyberjaya,2018-11-07 06:59:00,False,,,
,1059853830244982784,"RT @mimierhmn: Henlo.

In conjuction with World Mental Health Day soon, I'm going to share some great apps that you can use to track your mâ€¦",awinsarahm,"Hamba Allah je


IG: awin.jairi",Johor-cyberjaya,2018-11-06 17:03:38,False,,,
,1059847813029220353,"RT @BST_nmp: Thank you. Sometimes we just want somone to hear us without prejudiced,w/o being judged &amp; having the mindset that we are attenâ€¦",awinsarahm,"Hamba Allah je


IG: awin.jairi",Johor-cyberjaya,2018-11-06 16:39:44,False,,,
,1059846783285714944,"RT @minzftnhh: Happy World Mental Health Day! Since it is 10/10, let me share with you guys 10 ways to help your loved ones who are sufferiâ€¦",awinsarahm,"Hamba Allah je


IG: awin.jairi",Johor-cyberjaya,2018-11-06 16:35:38,False,,,
,1059842692279001088,"RT @mimierhmn: ""We may not even realize we are overthinking because weâ€™re thinking all the time and it comes so naturally to all of us.""

Aâ€¦",awinsarahm,"Hamba Allah je


IG: awin.jairi",Johor-cyberjaya,2018-11-06 16:19:23,False,,,
,1059824093611081728,"RT @mohon_clash: MAGNET GLASS CASE YG TRENDING SKRG!

Bermagnet, bingkai besi &amp; tahan lasak.

Avail utk IP5-X/ P20Pro/P20/ Note8/9

Blh folâ€¦",awinsarahm,"Hamba Allah je


IG: awin.jairi",Johor-cyberjaya,2018-11-06 15:05:29,False,,,
,1059803710379896832,"RT @itsteme: You don't always feel motivated,
So when you feel it, don't waste it.
Start doing something. Study, workout, paint, draw, or aâ€¦",awinsarahm,"Hamba Allah je


IG: awin.jairi",Johor-cyberjaya,2018-11-06 13:44:29,False,,,
,1059771526377947138,"RT @arlinabanana: Siapa sangka tandoori salmon sedap gilaa and you can get it from @dah_makan ğŸ˜

RT this tweet and Ill choose 3 winners toâ€¦",awinsarahm,"Hamba Allah je


IG: awin.jairi",Johor-cyberjaya,2018-11-06 11:36:36,False,,,
,1058605159419281408,"RT @tweetebitlew: Jangan sedih, kita ada Allah.",awinsarahm,"Hamba Allah je


IG: awin.jairi",Johor-cyberjaya,2018-11-03 06:21:52,False,,,
,1058266932724424705,Kadang Rasa nak give up sebab bermacam ujian yg aku tempuh tapi aku kena kuatkan semangat sebab tak akan ada org faham ap yg aku lalui,awinsarahm,"Hamba Allah je


IG: awin.jairi",Johor-cyberjaya,2018-11-02 07:57:53,False,,,
,1058266028419903488,"RT @khairul_hafidz: Jika ada yang kata kenapa perlu berhenti merokok/jaga makan/bersenam selalu/jaga berat badan, kata mereka setiap manusiâ€¦",awinsarahm,"Hamba Allah je


IG: awin.jairi",Johor-cyberjaya,2018-11-02 07:54:17,False,,,
,1053668854310690817,"RT @aizatnizam16: Amalkan setiap hari. Insyaâ€™allah tidak akan ada benda yg akan memudaratkan diri kita kecuali dgn izin ALLAH swt

Ilmu utkâ€¦",awinsarahm,"Hamba Allah je


IG: awin.jairi",Johor-cyberjaya,2018-10-20 15:26:45,False,,,
,1049307324609744897,"RT @malindoair: WE ARE HIRING!

Interested candidates can walk in for the interview as detailed below. If you are not able to attend, kindlâ€¦",awinsarahm,"Hamba Allah je


IG: awin.jairi",Johor-cyberjaya,2018-10-08 14:35:36,False,,,
,1049304368468512770,"RT @zaidrostam: Jatuh dalam hidup? Duduk sebentar. Jangan gopoh. Bersihkan luka. Cuba jalan kembali.

Ada parut? Ia sebagai ingatan bukan aâ€¦",awinsarahm,"Hamba Allah je


IG: awin.jairi",Johor-cyberjaya,2018-10-08 14:23:51,False,,,
,1048480786976890880,"RT @arlinabanana: Pernah tak macam bangun tidur pun penat, dah mandi pun penat, dah rehat 58 pun penat, dah minum air pun penat, bila exercâ€¦",awinsarahm,"Hamba Allah je


IG: awin.jairi",Johor-cyberjaya,2018-10-06 07:51:14,False,,,
,1047743106827747328,"RT @embunkarina_: i doakan bagi sesiapa yang berada dalam keadaan sulit, tuhan permudahkan urusan. yang penting, jangan buat orang, janganâ€¦",awinsarahm,"Hamba Allah je


IG: awin.jairi",Johor-cyberjaya,2018-10-04 06:59:57,False,,,
,1047743035629494272,"RT @tweetebitlew: Ya Allah, dengan rahmat kasih sayangMu kami bermohon dengan hati yang paling dalam berilah kesembuhan pada ust ebit lew dâ€¦",awinsarahm,"Hamba Allah je


IG: awin.jairi",Johor-cyberjaya,2018-10-04 06:59:40,False,,,
,1047476798584311808,"RT @mohon_clash: Lelaki hanya setia pada 1 perempuan

Betul

Manakala yang lagi 18 perempuan dia duk text tu hanya untuk mengisi masa lapanâ€¦",awinsarahm,"Hamba Allah je


IG: awin.jairi",Johor-cyberjaya,2018-10-03 13:21:44,False,,,
,1047386870223523840,"RT @MauKerjaMY: Hi guys! Siapa nak tahu pasal cara cara nak jana side income lagi lagi bila dah bekerja? Tak susah pun, korang kena ada smaâ€¦",awinsarahm,"Hamba Allah je


IG: awin.jairi",Johor-cyberjaya,2018-10-03 07:24:24,False,,,
,1047329157699395587,"RT @zaidrostam: A patient came to me &amp; keep referring to her past while talking about what happen in her life till today

Her obsession aboâ€¦",awinsarahm,"Hamba Allah je


IG: awin.jairi",Johor-cyberjaya,2018-10-03 03:35:04,False,,,
,1047121736129380352,"RT @KKMPutrajaya: Tonton video soalan mengenai gangguan kemurungan dijawab oleh pakar psikiatri @zaidrostam

Jangan lupa untuk retweet supaâ€¦",awinsarahm,"Hamba Allah je


IG: awin.jairi",Johor-cyberjaya,2018-10-02 13:50:51,False,,,
,1047066773923815424,RT @SIeqbal: Hye guys . Saya wakil dari team axis4kerat.  Kami ada buat bisnes photography untuk menampung kos sara hidup kami di universitâ€¦,awinsarahm,"Hamba Allah je


IG: awin.jairi",Johor-cyberjaya,2018-10-02 10:12:27,False,,,
,1047021870099439616,"RT @embunkarina_: dalam hidup aku, aku banyak faham orang dari orang faham aku. bukan aku tak membenarkan orang faham aku, tapi aku sendiriâ€¦",awinsarahm,"Hamba Allah je


IG: awin.jairi",Johor-cyberjaya,2018-10-02 07:14:01,False,,,
,1046780653948174337,@embunkarina_ Goodnight kak. â¤ï¸,awinsarahm,"Hamba Allah je


IG: awin.jairi",Johor-cyberjaya,2018-10-01 15:15:30,False,,,
,1046780555654615040,RT @embunkarina_: takde siapa nak wish good night ke? hantar text rindu rindu ke?,awinsarahm,"Hamba Allah je


IG: awin.jairi",Johor-cyberjaya,2018-10-01 15:15:07,False,,,
,1046757692180594688,RT @MauKerjaMY: Mungkin ramai yang tak tahu sebenarnya nak 'lepaskan' loan kereta sebab sangkut PTPTN ni takdelah rumit mana. Contohnya macâ€¦,awinsarahm,"Hamba Allah je


IG: awin.jairi",Johor-cyberjaya,2018-10-01 13:44:16,False,,,
,1046757045645369344,"RT @mohon_clash: Dinner bersama - RM50/malam
Belanja keluar date - RM200/date
Melihat wajah gembira si dia bersanding dgn insan lain - Pricâ€¦",awinsarahm,"Hamba Allah je


IG: awin.jairi",Johor-cyberjaya,2018-10-01 13:41:42,False,,,
,1046587462808522752,@arlinabanana I been diagnosed with anxiety and depression baru ni after jumpa psy and they just provide some medicâ€¦ https://t.co/AoFvW4dc9k,awinsarahm,"Hamba Allah je


IG: awin.jairi",Johor-cyberjaya,2018-10-01 02:27:50,False,,,
,1046585350376673280,"RT @arlinabanana: I wish therapist is more accessible in Malaysia.

Kalau nak jumpa kat government hospital, waiting list boleh sampai setaâ€¦",awinsarahm,"Hamba Allah je


IG: awin.jairi",Johor-cyberjaya,2018-10-01 02:19:26,False,,,
,1045328674709327872,"RT @arif10085: NAK JANA RM1000 SEMINGGU SECARA PASIF MELALUI PERNIAGAAN VENDING?
.
Kepada anda yg bekerja / student/ suri rumah atau sesiapâ€¦",awinsarahm,"Hamba Allah je


IG: awin.jairi",Johor-cyberjaya,2018-09-27 15:05:51,False,,,
,1045326665184731136,RT @ShaykhAzhar: Donâ€™t rush to finish your prayers because whatever you are rushing towards is in Allahâ€™s control.,awinsarahm,"Hamba Allah je


IG: awin.jairi",Johor-cyberjaya,2018-09-27 14:57:52,False,,,
,1045326338318450688,"RT @MuhamadSyfiq: Panjangkan umur ibu bapaku. Thatâ€™s the least I can do for my parents, pray.",awinsarahm,"Hamba Allah je


IG: awin.jairi",Johor-cyberjaya,2018-09-27 14:56:34,False,,,
,1038080106059558914,"RT @MauKerjaMY: Yang selalu bengang sebab data internet cepat habis tu, boleh cuba tips niğŸ˜‰ https://t.co/V4HrFmP6DM",awinsarahm,"Hamba Allah je


IG: awin.jairi",Johor-cyberjaya,2018-09-07 15:02:38,False,,,
,1032264841719738371,"RT @kaki_melancong: Family mart dah famous, sekarang kita famouskan HUNGRY PEOPLE FRESH FOOD MART,SUNWAY &amp; DAMANASARA ! VIRALKAN BAGI SEMUAâ€¦",awinsarahm,"Hamba Allah je


IG: awin.jairi",Johor-cyberjaya,2018-08-22 13:54:51,False,,,
,1031546328751325185,"RT @Fahmibinhassan: Cara ambil ubat:

ğŸ’ŠSebelum makanğŸ’Š
45 minit - 1 jam sebelum makan. Kalau terlupa, ambil 2 jam selepas makan.

ğŸ’ŠSelepas mâ€¦",awinsarahm,"Hamba Allah je


IG: awin.jairi",Johor-cyberjaya,2018-08-20 14:19:44,False,,,
,1031195241884266499,"RT @arlinabanana: My random thought of the day:

I nak bukak warung for sad people and they all can talk about their sadness while eating aâ€¦",awinsarahm,"Hamba Allah je


IG: awin.jairi",Johor-cyberjaya,2018-08-19 15:04:39,False,,,
,1031191682283257856,"RT @soulusiMY: Psikologi mengatakan perempuan yang kuat merajuk ni lahir pada bulan

Januari, Februari, Mac, April, Mei, Jun, Julai, Ogos,â€¦",awinsarahm,"Hamba Allah je


IG: awin.jairi",Johor-cyberjaya,2018-08-19 14:50:30,False,,,
,1031191545733570560,"RT @FirdausIzzani: Cara2 kurangkan resiko kanser mengikut WHO..
Jom pakat2 share https://t.co/NQdEx5VAvc",awinsarahm,"Hamba Allah je


IG: awin.jairi",Johor-cyberjaya,2018-08-19 14:49:57,False,,,
,1029353459269521409,RT @Neelofa: Empowered women empower women. Sometime we forget that weâ€™re all in this together and we need each other. We fix each otherâ€™sâ€¦,awinsarahm,"Hamba Allah je


IG: awin.jairi",Johor-cyberjaya,2018-08-14 13:06:03,False,,,
,1028901105843888130,Agreed https://t.co/65NRI8Cz9X,awinsarahm,"Hamba Allah je


IG: awin.jairi",Johor-cyberjaya,2018-08-13 07:08:34,False,,,
,1028900309186142208,"RT @khairul_hafidz: Keistimewaan orang kidal, multi-tasking.

Menulis pakai tangan kiri sambil makan karipap dengan tangan kanan. https://tâ€¦",awinsarahm,"Hamba Allah je


IG: awin.jairi",Johor-cyberjaya,2018-08-13 07:05:24,False,,,
,1028477167905079297,Tu namanya bodohğŸ˜‚ https://t.co/fhkM4DAT0G,awinsarahm,"Hamba Allah je


IG: awin.jairi",Johor-cyberjaya,2018-08-12 03:03:59,False,,,
,1028440275499114496,RT @embunkarina_: kita ni perempuan selalu pegang pada kata kata lelaki. tapi lelaki ni tak buat pun apa yang dia kata tu. lepas tu kau tunâ€¦,awinsarahm,"Hamba Allah je


IG: awin.jairi",Johor-cyberjaya,2018-08-12 00:37:23,False,,,
,1028439846820298752,"RT @MauKerjaMY: Tips untuk ambil ootd yg lawa! 
Mention bf dan kawan masing2 untuk dapatkan hasil gambar ootd yg perfect ğŸ˜ https://t.co/7jQâ€¦",awinsarahm,"Hamba Allah je


IG: awin.jairi",Johor-cyberjaya,2018-08-12 00:35:41,False,,,
,1026796912668602368,"RT @embunkarina_: nak single, single betul betul. nak ada partner, layan elok elok. ini nak ada partner tapi perangai act serupa single, coâ€¦",awinsarahm,"Hamba Allah je


IG: awin.jairi",Johor-cyberjaya,2018-08-07 11:47:15,False,,,
,1025769167859769345,"RT @kaki_melancong: Kat JB ada Nasi Kak Wok + Teh Tarik Madu. On x on? 

Ads Corner's
Lokasi: No 44 Jalan Kebun Teh 1 , Pusat Perdagangan Kâ€¦",awinsarahm,"Hamba Allah je


IG: awin.jairi",Johor-cyberjaya,2018-08-04 15:43:22,False,,,
,1025766232815853568,"RT @AmirulAzzim_: Ada 2 bulan lebih lagi untuk korang nak signup diving course. 

Harga utk PADI COURSES tu include makan (B,L,D), ferry, tâ€¦",awinsarahm,"Hamba Allah je


IG: awin.jairi",Johor-cyberjaya,2018-08-04 15:31:42,False,,,
,1025765866917453824,@IzaraAishah Dah makan best. Service pun cepat.,awinsarahm,"Hamba Allah je


IG: awin.jairi",Johor-cyberjaya,2018-08-04 15:30:15,False,,,
,1025765566563287040,RT @IzaraAishah: Food Panda is disgusting . Service is miserably bad. food panda told me to cancel my order so I did. Now I got blacklistedâ€¦,awinsarahm,"Hamba Allah je


IG: awin.jairi",Johor-cyberjaya,2018-08-04 15:29:03,False,,,
,1025765444253175809,"RT @khairul_hafidz: Saya banyak lihat pelbagai produk yang digunakan untuk wanita

Mengetatkan &amp; membersihkan vaginalah, menegangkan payudaâ€¦",awinsarahm,"Hamba Allah je


IG: awin.jairi",Johor-cyberjaya,2018-08-04 15:28:34,False,,,
,1025765313256677379,"RT @embunkarina_: tak faham aku, dah dapat pasangan setia pun masih curang. kau bodoh bodohkan orang tu sebab kau tahu orang tu sayang kauâ€¦",awinsarahm,"Hamba Allah je


IG: awin.jairi",Johor-cyberjaya,2018-08-04 15:28:03,False,,,
,1025048344974913538,"RT @embunkarina_: girl, kalau lelaki tu buat you rasa terhegeh hegeh you dah boleh start cari orang lain. cari orang yang terhegeh hegeh deâ€¦",awinsarahm,"Hamba Allah je


IG: awin.jairi",Johor-cyberjaya,2018-08-02 15:59:04,False,,,
,1023969156591366144,RT @embunkarina_: masa belajar dulu takde terma takde duit nak makan pun sebab awal awal mak aku pesan kalau takde duit nak makan bagitahuâ€¦,awinsarahm,"Hamba Allah je


IG: awin.jairi",Johor-cyberjaya,2018-07-30 16:30:46,False,,,
,1023968039975276544,Kadang Aku tak faham dengan spesis manusia dia datang bagi harapan kat kita lepas tu menghilangğŸ˜‚,awinsarahm,"Hamba Allah je


IG: awin.jairi",Johor-cyberjaya,2018-07-30 16:26:19,False,,,
,1023417759147782145,"RT @embunkarina_: selama mana kau masih ada keluarga, hargai mereka. walau seteruk mana pun. percayalah, lama kelamaan bila kehilangan ituâ€¦",awinsarahm,"Hamba Allah je


IG: awin.jairi",Johor-cyberjaya,2018-07-29 03:59:42,False,,,
,1023097541255024641,RT @ArnieFarhana: this statement is like a dagger through my heart. no more mybrain and myphd until been told to continue so he said â€œterimâ€¦,awinsarahm,"Hamba Allah je


IG: awin.jairi",Johor-cyberjaya,2018-07-28 06:47:16,False,,,
,1023058343865147393,"RT @DrMahyuddin: Tuan2, tak payah la pakai spray bagai utk rawat HFMD. Membazir duit je. HFMD akan sembuh sendiri.Anda cuma Perlu sentiasaâ€¦",awinsarahm,"Hamba Allah je


IG: awin.jairi",Johor-cyberjaya,2018-07-28 04:11:31,False,,,
,1022816581754048512,"RT @embunkarina_: tak berminat dengan lelaki yang tak boleh pertahankan ""perempuan"" kepunyaan dia sendiri, bila datang perempuan perempuanâ€¦",awinsarahm,"Hamba Allah je


IG: awin.jairi",Johor-cyberjaya,2018-07-27 12:10:50,False,,,
,1022427385453412353,RT @embunkarina_: sebenarnya agak menyampah juga bila tengok orang jadi bodoh sebab cinta ni. tapi sambil tu teringat juga dulu pun pernahâ€¦,awinsarahm,"Hamba Allah je


IG: awin.jairi",Johor-cyberjaya,2018-07-26 10:24:19,False,,,
,1022427277106106369,"RT @embunkarina_: bercintalah ramai mana pun, setiap seorang dari mereka kau akan belajar sesuatu after takde apa apa. mungkin salah kau, sâ€¦",awinsarahm,"Hamba Allah je


IG: awin.jairi",Johor-cyberjaya,2018-07-26 10:23:53,False,,,
,1021816482538258432,"RT @Dr_Shaiful: Tips lps operate tonsil:
âœ”x mkn bnde panas/pedas
âœ”abiskn ubat yg diberi
âœ”berus gg &amp; kumur sprt bese
âœ”darah fresh,cpt â†ªhosp.â€¦",awinsarahm,"Hamba Allah je


IG: awin.jairi",Johor-cyberjaya,2018-07-24 17:56:48,False,,,
,1021816018312650754,RT @FirdausIzzani: Senarai ni utk cegah kanser ye..bukan ubati kanser..satgi ada yg buat pil halia atau kunyit pulak https://t.co/WVh7smV2jd,awinsarahm,"Hamba Allah je


IG: awin.jairi",Johor-cyberjaya,2018-07-24 17:54:57,False,,,
,1021815665483644928,RT @FirdausIzzani: Biji apricot bagus tuk cegah kanser..tinggi anti oksida..but not for cure cancer https://t.co/A6UF5lLkGj,awinsarahm,"Hamba Allah je


IG: awin.jairi",Johor-cyberjaya,2018-07-24 17:53:33,False,,,
,1021815092118093825,"RT @FirdausIzzani: Wsalam..penggunaan myak mask berulang akan hasilkan carbon,
Selalu minyak akan jadi hitam.
Carbon=carsinogen 
Bole sebabâ€¦",awinsarahm,"Hamba Allah je


IG: awin.jairi",Johor-cyberjaya,2018-07-24 17:51:17,False,,,
,1021814800186101760,"RT @khairul_hafidz: Semakin dewasa ni, saya mula belajar, yang tak semuanya apa yang kita fikir, boleh kita tulis di media sosial.

Diam itâ€¦",awinsarahm,"Hamba Allah je


IG: awin.jairi",Johor-cyberjaya,2018-07-24 17:50:07,False,,,
,1021814630883049472,"RT @FirdausIzzani: Pengambilan durian belanda berlebihan bole sbbkan kerosakan saraf dan parkinson..xsembuhkan kanser ,jgn terpedaya",awinsarahm,"Hamba Allah je


IG: awin.jairi",Johor-cyberjaya,2018-07-24 17:49:27,False,,,
,1021811666395181058,RT @Bryler_: Hey guys. I'm trying to survive by selling cheap butter chickens for RM6.50 ONLY around Kota Damansara. I'm in a phase of beinâ€¦,awinsarahm,"Hamba Allah je


IG: awin.jairi",Johor-cyberjaya,2018-07-24 17:37:40,False,,,
,1021799276706324480,"RT @MauKerjaMY: Panduan Menjawab Soalan Keramat ""Introduce Yourself"" ğŸ‘ğŸ» https://t.co/9CjDVaS06f",awinsarahm,"Hamba Allah je


IG: awin.jairi",Johor-cyberjaya,2018-07-24 16:48:26,False,,,
,1021798864704028672,"RT @DrBeniRusani: Do not make promises you cannot keep, especially to people who care about you. The pain would make them question everythiâ€¦",awinsarahm,"Hamba Allah je


IG: awin.jairi",Johor-cyberjaya,2018-07-24 16:46:48,False,,,
,1021798570498748416,"RT @IzaraAishah: I don't mind if you are a 'beauty without brain', because boleh diajar and you may be better than most of us, inshallah. Iâ€¦",awinsarahm,"Hamba Allah je


IG: awin.jairi",Johor-cyberjaya,2018-07-24 16:45:37,False,,,
,1021224819168182273,"RT @lurtic: Staying positive doesn't mean you have to be happy all the time. It means that even on hard days, you know that there are betteâ€¦",awinsarahm,"Hamba Allah je


IG: awin.jairi",Johor-cyberjaya,2018-07-23 02:45:44,False,,,
,1021224569074429952,"RT @Neelofa: Good morning Monday! New week, new day, fresh start! â¤ï¸",awinsarahm,"Hamba Allah je


IG: awin.jairi",Johor-cyberjaya,2018-07-23 02:44:45,False,,,
,1020841302286577664,"RT @IntThings: When a million things can bring you down, find one reason to keep you up",awinsarahm,"Hamba Allah je


IG: awin.jairi",Johor-cyberjaya,2018-07-22 01:21:47,False,,,
,1020841241964163073,RT @muftimenk: Do you know someone with a good heart; who accepts apologies you don't give &amp; sees the best in you? They're a rare breed. Trâ€¦,awinsarahm,"Hamba Allah je


IG: awin.jairi",Johor-cyberjaya,2018-07-22 01:21:33,False,,,
,1020685381509922817,RT @embunkarina_: kita semua pernah jadi seorang kawan yang over ambil berat tentang persahabatan tapi dia biasa je macam kita bukan yang bâ€¦,awinsarahm,"Hamba Allah je


IG: awin.jairi",Johor-cyberjaya,2018-07-21 15:02:13,False,,,
,1020685190333513728,"RT @embunkarina_: nak tahu kita ni penting atau tidak dalam hidup seseorang, mestilah sebelum tidur dia akan ingat dan text kita selepas seâ€¦",awinsarahm,"Hamba Allah je


IG: awin.jairi",Johor-cyberjaya,2018-07-21 15:01:27,False,,,
,1020684414341140481,"RT @embunkarina_: nak ada teman hidup, tapi bila otak serabut pergi marah pasangan sendiri. nak cakap konon dia tak memahami. lepas itu menâ€¦",awinsarahm,"Hamba Allah je


IG: awin.jairi",Johor-cyberjaya,2018-07-21 14:58:22,False,,,
,1019237649750548480,RT @Neelofa: See rejection as a redirection. Never give up! ğŸ’–,awinsarahm,"Hamba Allah je


IG: awin.jairi",Johor-cyberjaya,2018-07-17 15:09:26,False,,,
,1019237119921815553,RT @Neelofa: Congratulations @AirAsia and all the Allstars on winning the Worldâ€™s Best Low-Cost Airline for the 10th year in a row! A decadâ€¦,awinsarahm,"Hamba Allah je


IG: awin.jairi",Johor-cyberjaya,2018-07-17 15:07:20,False,,,
,1019126313582379008,RT @IzaraAishah: Stop hating and go upgrade yourself .,awinsarahm,"Hamba Allah je


IG: awin.jairi",Johor-cyberjaya,2018-07-17 07:47:02,False,,,
,1018825994566635520,"RT @FashionValet: Take your hijab style to the next level; turban style! Watch this turban tutorial by Our head of marketing, @nadianorzuhdâ€¦",awinsarahm,"Hamba Allah je


IG: awin.jairi",Johor-cyberjaya,2018-07-16 11:53:40,False,,,
,1018825830649040896,"RT @Neelofa: Thank you, you too! ğŸ’– https://t.co/eElP9lQDmw",awinsarahm,"Hamba Allah je


IG: awin.jairi",Johor-cyberjaya,2018-07-16 11:53:01,False,,,
,1017655251309027328,"RT @AnnasEaskey: Jika betul betul sayang, kita menjadi keutamaan. Jika betul betul rindu kesibukan bukan menjadi penghalang. Semuanya atasâ€¦",awinsarahm,"Hamba Allah je


IG: awin.jairi",Johor-cyberjaya,2018-07-13 06:21:33,False,,,
,1017654853026308096,RT @TinjauanB: RM20 Setiap Survey Dibayar Online Tinjauan. Daftar Percuma Sekarang =&gt; https://t.co/vISO3aFr60,awinsarahm,"Hamba Allah je


IG: awin.jairi",Johor-cyberjaya,2018-07-13 06:19:58,False,,,
,899496700292747264,"RT @ib_shah: Melecur je letak ubat gigi? SALAH

Munkin luka melecur bole dpt infeksi dan jadi lebih teruk.elakkan 

Rawatan yg betul alirkaâ€¦",awinsarahm,"Hamba Allah je


IG: awin.jairi",Johor-cyberjaya,2017-08-21 05:01:39,False,,,
,898206258154487809,"RT @khairul_hafidz: Tips saya kepada adik-adik yang akan masuk ke alam pekerjaan,

Belajar untuk menggunakan email, kerana ia dianggap satuâ€¦",awinsarahm,"Hamba Allah je


IG: awin.jairi",Johor-cyberjaya,2017-08-17 15:33:54,False,,,
,897672976232964096,"RT @OuhhPanda: Tempat wajib singgah utk chocolate lover ğŸ’¸ - Bugis Street, SG https://t.co/BZOHDG4Yyf",awinsarahm,"Hamba Allah je


IG: awin.jairi",Johor-cyberjaya,2017-08-16 04:14:50,False,,,
,897410950172520448,RT @techinasia: Chinaâ€™s subway systems open up to phone payments https://t.co/j9vLpfBwhI https://t.co/shJtjmDIS1,awinsarahm,"Hamba Allah je


IG: awin.jairi",Johor-cyberjaya,2017-08-15 10:53:38,False,,,
,897410665408675843,@AnnasEaskey 3,awinsarahm,"Hamba Allah je


IG: awin.jairi",Johor-cyberjaya,2017-08-15 10:52:30,False,,,
,895829983943286784,"RT @khalednordin: Jadilah pemimpin yang berkarya, bukan yang bersiulan shj.Penyambung lidah rakyat.Jadilah pemimpin untuk semua, bukan hanyâ€¦",awinsarahm,"Hamba Allah je


IG: awin.jairi",Johor-cyberjaya,2017-08-11 02:11:26,False,,,
,895115966018764800,"RT @_nabilarazali: Just a minute there you thought you've moved on, but there he is, having coffee with his firiend, laughing ğŸ˜¢ #PematahHati",awinsarahm,"Hamba Allah je


IG: awin.jairi",Johor-cyberjaya,2017-08-09 02:54:11,False,,,
,894845733731418115,"RT @KakiTravels_: Ni pun antara barang yg diperlukan kalau travel. Kalau takde, boleh sewa. Available until end of this year. https://t.co/â€¦",awinsarahm,"Hamba Allah je


IG: awin.jairi",Johor-cyberjaya,2017-08-08 09:00:23,False,,,
,894843014165651457,"RT @sufiansuhaimi_: ""Women are sometimes unreasonable and can make questionable decisions while emotional.""",awinsarahm,"Hamba Allah je


IG: awin.jairi",Johor-cyberjaya,2017-08-08 08:49:34,False,,,
,891209376668819456,"RT @MalayGAG_: Ketakutan sebenar ialah bila orang ketuk pintu kelas, panggil nama kau sambil pegang kad hijau ni time sekolah dulu. Seram wâ€¦",awinsarahm,"Hamba Allah je


IG: awin.jairi",Johor-cyberjaya,2017-07-29 08:10:47,False,,,
,890642897841696768,"RT @starbizmy: CIMB's subsidiary Touch 'n Go to launch e-wallet together with Alipay
https://t.co/3ADTWuJAkF https://t.co/YMwDIUVcZg",awinsarahm,"Hamba Allah je


IG: awin.jairi",Johor-cyberjaya,2017-07-27 18:39:48,False,,,
,889772411104645122,"RT @Khairykj: We must improve maintenance of public facilities for sure, but Malaysians must also improve mentality &amp; not vandalise these aâ€¦",awinsarahm,"Hamba Allah je


IG: awin.jairi",Johor-cyberjaya,2017-07-25 09:00:48,False,,,
,888276580325146624,"RT @MauKerjaMY: Korang ada office colleague @ usahawan berjaya, dorng still aktif jual tudung, kasut, kuih raya etc lg tak? dok buat topupâ€¦",awinsarahm,"Hamba Allah je


IG: awin.jairi",Johor-cyberjaya,2017-07-21 05:56:54,False,,,
,888220315175628800,"RT @starsdancex: The meaning of this Linkin Park song and the lyrics just got a lot more real. A very sad loss. RIP Chester Bennington, u wâ€¦",awinsarahm,"Hamba Allah je


IG: awin.jairi",Johor-cyberjaya,2017-07-21 02:13:20,False,,,
,888094055611088896,"RT @DrBeniRusani: ğŸš¨Tip Sihat: mandi malam TIDAK sebabkan pneumonia/lung infection, or paru2 basah
Mandi malam sebabkan anda wangi &amp; disayanâ€¦",awinsarahm,"Hamba Allah je


IG: awin.jairi",Johor-cyberjaya,2017-07-20 17:51:37,False,,,
,887583588832616449,"RT @MauKerjaMY: Geng Johor, Ada nak join jadi volunteer utk ekspo maukerja johor 19 Aug
ni? Sijil, makan semua kami payung! Klik â¬‡ï¸
https:/â€¦",awinsarahm,"Hamba Allah je


IG: awin.jairi",Johor-cyberjaya,2017-07-19 08:03:12,False,,,
,886950160718221313,RT @YasminMDEC: The rate of tech innovation adoption accelerated at dizzying speed. The telephone took 75yrs to reach 50mil users. AngryBirâ€¦,awinsarahm,"Hamba Allah je


IG: awin.jairi",Johor-cyberjaya,2017-07-17 14:06:11,False,,,
,885378233314586624,"RT @ArenaHM: Platform digital Kuala Lumpur 2017 (KL2017) utk perkembangan  terkini Sukan SEA &amp; Para ASEAN 2017 dilancarkan
https://t.co/xN4â€¦",awinsarahm,"Hamba Allah je


IG: awin.jairi",Johor-cyberjaya,2017-07-13 05:59:55,False,,,
,885378166168010752,RT @techinasia: Uber preps new country launch as it reaches 630k drivers across Asia https://t.co/0mOd6yJ5Yx https://t.co/2UNVDbc0OP,awinsarahm,"Hamba Allah je


IG: awin.jairi",Johor-cyberjaya,2017-07-13 05:59:39,False,,,
,885330088266391552,RT @techinasia: Discuss: Keep your founder as CEO if you want your startup to succeed https://t.co/1UpHNCdKLd https://t.co/Vd2y3IjAnA,awinsarahm,"Hamba Allah je


IG: awin.jairi",Johor-cyberjaya,2017-07-13 02:48:36,False,,,
,885278978486943744,"RT @techinasia: Fintech startup born in Ukraine, raised in Singapore closes $2m series A round https://t.co/5S8zggbbgP https://t.co/Yo2XvMMâ€¦",awinsarahm,"Hamba Allah je


IG: awin.jairi",Johor-cyberjaya,2017-07-12 23:25:30,False,,,
,885156229705748480,RT @arlinabanana: Aku terparking kat taman syurga ke... https://t.co/UbYqEmW1UD,awinsarahm,"Hamba Allah je


IG: awin.jairi",Johor-cyberjaya,2017-07-12 15:17:45,False,,,
,885142425382993921,RT @Lucaspeebo: Take your time to read this. Worth your every second. Story from a successor. https://t.co/k2LelT3UOJ,awinsarahm,"Hamba Allah je


IG: awin.jairi",Johor-cyberjaya,2017-07-12 14:22:54,False,,,
,885141165342769154,RT @nakbebel: Mcdonalds Singapore hari ni memperkenalkan Nasi Lemak Burger! Haha https://t.co/CYh6Qcix1U,awinsarahm,"Hamba Allah je


IG: awin.jairi",Johor-cyberjaya,2017-07-12 14:17:53,False,,,
,885140876413947905,"RT @Khairykj: Menu: Kambing bakar, satay, nasi ayam, laksa Penang, kuey teow basah, kari laksa, cendol, tau foo fah, lomang, ketupat, rendaâ€¦",awinsarahm,"Hamba Allah je


IG: awin.jairi",Johor-cyberjaya,2017-07-12 14:16:44,False,,,
,884936012903751680,@Hafizxii @amiraaothman_ @AnnasEaskey,awinsarahm,"Hamba Allah je


IG: awin.jairi",Johor-cyberjaya,2017-07-12 00:42:41,False,,,
,884935889360572416,RT @Hafizxii: Mencari twit femes utk mereka hebahkn serta bantu kwn abg sye yg memerlukan dana utk menampung kos rawatan. Mohon RT https://â€¦,awinsarahm,"Hamba Allah je


IG: awin.jairi",Johor-cyberjaya,2017-07-12 00:42:11,False,,,
,884935578323632132,"RT @ayunijohari: Wanna know you're a real man or not? Guna la belah kiri tu, masuk Kl peak hour :) https://t.co/Mvj3TnPgNi",awinsarahm,"Hamba Allah je


IG: awin.jairi",Johor-cyberjaya,2017-07-12 00:40:57,False,,,
,884934481219526656,"RT @showroom_co: Perempuan.
Diorang suka bercerita pasal masalah, keinginan diorang. So as a guy, bagi je laaa. She will love you. GIRLS, Râ€¦",awinsarahm,"Hamba Allah je


IG: awin.jairi",Johor-cyberjaya,2017-07-12 00:36:36,False,,,
,884753700840919041,RT @ELMIELMO: Aku ada beberapa VIP passes untuk Konvesyen Usahawan Bumiputera 2017. Aku nak bagi dekat sesiapa yang aku rasa ada potentialâ€¦,awinsarahm,"Hamba Allah je


IG: awin.jairi",Johor-cyberjaya,2017-07-11 12:38:14,False,,,
,884753658843250688,"RT @DrBeniRusani: Be careful of your friends whose eyes do not ""smile"" whenever they laugh with you.",awinsarahm,"Hamba Allah je


IG: awin.jairi",Johor-cyberjaya,2017-07-11 12:38:04,False,,,
,884470097095540736,RT @HafizRayyan: I love the feeling of being in love with u.,awinsarahm,"Hamba Allah je


IG: awin.jairi",Johor-cyberjaya,2017-07-10 17:51:18,False,,,
,884469937837703172,RT @IzaraAishah: Meminang and bertunang tak sama. I ikut je what our parents say. Do whatever they want I don't care la as long as they'reâ€¦,awinsarahm,"Hamba Allah je


IG: awin.jairi",Johor-cyberjaya,2017-07-10 17:50:40,False,,,
,884347607950082049,"RT @AriefMirkhael: Congratulations. Because of you dumbfucks, now Malay men are known all over the world as perverts &amp; sickos. Bravo, you'vâ€¦",awinsarahm,"Hamba Allah je


IG: awin.jairi",Johor-cyberjaya,2017-07-10 09:44:34,False,,,
,884346919937376258,RT @arlinabanana: Cara handle suami curang yang sebenar https://t.co/jx5Ie7TjYK,awinsarahm,"Hamba Allah je


IG: awin.jairi",Johor-cyberjaya,2017-07-10 09:41:50,False,,,
,883905061058772992,RT @khalednordin: Menghadiri rumah terbuka Aidilfitri Kumpulan Yayasan Pelajaran Johor.Turut menyampaikan biasiswaâ€¦ https://t.co/0pXQrTQzzS,awinsarahm,"Hamba Allah je


IG: awin.jairi",Johor-cyberjaya,2017-07-09 04:26:03,False,,,
,883563758794063873,"RT @alifhafizyusof: PHP Programmer diperlukan!
Lokasi: Cyberjaya
Gaji: RM2,000-RM3,500
Permohonan akhir: 2 Ogos 2017
Sila mohon di https://â€¦",awinsarahm,"Hamba Allah je


IG: awin.jairi",Johor-cyberjaya,2017-07-08 05:49:50,False,,,
,883536307527352320,"RT @DrBeniRusani: If u r not sure about continuing your diploma, degree / postgrad.

Mad Doc from #NovelBreathe says ""Finish what you startâ€¦",awinsarahm,"Hamba Allah je


IG: awin.jairi",Johor-cyberjaya,2017-07-08 04:00:45,False,,,
,883502773408473088,"RT @DrBeniRusani: Broken heart syndrome is real.
Nama medic glamer Takotsubo cardiomyopathy.
Jika patah hati, cepat cari pengganti. Doc diâ€¦",awinsarahm,"Hamba Allah je


IG: awin.jairi",Johor-cyberjaya,2017-07-08 01:47:30,False,,,
,883367752878047233,RT @MauKerjaMY: Korang! Kenny Rogers buat promo sempena dengan Chicken Run '17 dorang! Tunjuk je e-Voucher ni dapat Classic Choice Meal RM1â€¦,awinsarahm,"Hamba Allah je


IG: awin.jairi",Johor-cyberjaya,2017-07-07 16:50:59,False,,,
,883204441213616129,"RT @HafiyFathil: Suami: Jangan kacau saya boleh tak? Saya nak tidur dengan aman.

Bini: Siapa aman tu? Sejak bila pulak abang jadi gay ni?",awinsarahm,"Hamba Allah je


IG: awin.jairi",Johor-cyberjaya,2017-07-07 06:02:02,False,,,
,883204407755538432,RT @muftimenk: Don't waste time trying to prove your critics wrong. They'll never be satisfied &amp; will always find something to pick on. Runâ€¦,awinsarahm,"Hamba Allah je


IG: awin.jairi",Johor-cyberjaya,2017-07-07 06:01:54,False,,,
,882887588683567104,RT @MauKerjaMY: Kejayaan yang sebenar adalah bila kita bangkit dari kegagalan. Betul? Jom tengok these famous figures and their quotes! httâ€¦,awinsarahm,"Hamba Allah je


IG: awin.jairi",Johor-cyberjaya,2017-07-06 09:02:59,False,,,
,882842462057668608,"RT @khairul_hafidz: Sy mencari seseorang yg pandai design sijil &amp; uruskan hal berkaitan dengan sijil.

Sedikit upah akan diberikan

Yg bermâ€¦",awinsarahm,"Hamba Allah je


IG: awin.jairi",Johor-cyberjaya,2017-07-06 06:03:40,False,,,
,882508033623859200,RT @HakimAstroAWANI: [TERKINI] Kabinet putuskan Pegawai Perubatan Gred UD41 lantikan kontrak baharu wajib lulus Bahasa Melayu SPM @501Awaniâ€¦,awinsarahm,"Hamba Allah je


IG: awin.jairi",Johor-cyberjaya,2017-07-05 07:54:46,False,,,
,882133963577282560,RT @Khairykj: We are far from a Bangsa Malaysia identity judging by how the songkok disgusts some people. Truly revealing.,awinsarahm,"Hamba Allah je


IG: awin.jairi",Johor-cyberjaya,2017-07-04 07:08:20,False,,,
,881654754128011264,"RT @zizanrajalawak: Salah satu tanda lelaki ikhlas

Dia akan kumpul duit dan dia beli 
""Mercedes E Class""",awinsarahm,"Hamba Allah je


IG: awin.jairi",Johor-cyberjaya,2017-07-02 23:24:08,False,,,
,881531312871317504,RT @AizatAbd: Buat baik dengan semua orang even ada je orang yang tak suka dekat kita.,awinsarahm,"Hamba Allah je


IG: awin.jairi",Johor-cyberjaya,2017-07-02 15:13:37,False,,,
,881469657126797312,"RT @IzaraAishah: Link on bio to purchase.. rm88 untuk lip liner , matte lip liquid ğŸ‘‡ğŸ½, sharpener. https://t.co/9NjOecZVHK",awinsarahm,"Hamba Allah je


IG: awin.jairi",Johor-cyberjaya,2017-07-02 11:08:37,False,,,
,881453957150683139,"RT @haziq_hotfm: Ingatlah
Bukan semua kawan boleh pakai
Ada yg talam 2 muka 3 muka 4 muka
Depan lain belakang lain
Sebab tu istilah kawan mâ€¦",awinsarahm,"Hamba Allah je


IG: awin.jairi",Johor-cyberjaya,2017-07-02 10:06:14,False,,,
,879883765413052416,RT @arepyong: You can't control someone's loyalty no matter how good you are to them.,awinsarahm,"Hamba Allah je


IG: awin.jairi",Johor-cyberjaya,2017-06-28 02:06:51,False,,,
,879883733691531264,"RT @mymdec: Start transforming your business to digital ready or get left behind, said Microsoft Malaysia's Michal Golebiewski. https://t.câ€¦",awinsarahm,"Hamba Allah je


IG: awin.jairi",Johor-cyberjaya,2017-06-28 02:06:44,False,,,
,879749472418381824,RT @HafizRayyan: You make the choice of loving someone and you deciding that this is the person you'll take care of.,awinsarahm,"Hamba Allah je


IG: awin.jairi",Johor-cyberjaya,2017-06-27 17:13:13,False,,,
,879744421578723328,RT @_nabilarazali: Tengah fikir baju warna apa nak pakai esok ğŸ™ƒ,awinsarahm,"Hamba Allah je


IG: awin.jairi",Johor-cyberjaya,2017-06-27 16:53:09,False,,,
,879742525161877504,RT @itsmeaidil: RT this pic kalau nak duit raya. I will select &amp; dm 10 individuals to get duit raya into your bank account. https://t.co/nIâ€¦,awinsarahm,"Hamba Allah je


IG: awin.jairi",Johor-cyberjaya,2017-06-27 16:45:37,False,,,
,879734563324346369,RT @sharifahrose: Have you ever miss someone that you're feeling down and you just don't know what to do? Bc same,awinsarahm,"Hamba Allah je


IG: awin.jairi",Johor-cyberjaya,2017-06-27 16:13:59,False,,,
,879635506811633664,"RT @REALFAFAU: incase whtsapp tdk dibalas 
call  lambat diangkat.. 
mohon husnuzonn
kaum wanita sdg berperang didapur ğŸ˜…ğŸ˜‚",awinsarahm,"Hamba Allah je


IG: awin.jairi",Johor-cyberjaya,2017-06-27 09:40:22,False,,,
,879635474700132354,"RT @Khairykj: It's 3 Syawal. If you've been eating like you don't care, it's probably a good idea to start slowing down. It's easier to gaiâ€¦",awinsarahm,"Hamba Allah je


IG: awin.jairi",Johor-cyberjaya,2017-06-27 09:40:14,False,,,
,879633966440919040,"RT @HafizRayyan: Raya ketiga ni aku harap tuan rumah sediakan nasi berlauk. Aku akan kenang tuan rumah ni smpai bila2. cukup la kuih raya,â€¦",awinsarahm,"Hamba Allah je


IG: awin.jairi",Johor-cyberjaya,2017-06-27 09:34:15,False,,,
,879530291789938689,aku tetap akan tunggu walaupun apa yg jadiğŸ˜”,awinsarahm,"Hamba Allah je


IG: awin.jairi",Johor-cyberjaya,2017-06-27 02:42:17,False,,,
,879371535118512128,RT @_nabilarazali: Siapa ada buat open house nnt jgn lupa jemput Bella ye! ğŸ˜Œ #takpuasmakanrendang,awinsarahm,"Hamba Allah je


IG: awin.jairi",Johor-cyberjaya,2017-06-26 16:11:26,False,,,
,879234850544205824,"RT @khairul_hafidz: ""Ha,bila nk kahwin?""

""Anak mak Su pandai pakai Waze?""

""Tahu,kenapa?""

""Kenapa anak mak Su masih tak jumpa jalan ke haâ€¦",awinsarahm,"Hamba Allah je


IG: awin.jairi",Johor-cyberjaya,2017-06-26 07:08:18,False,,,
,879234822693978112,"RT @ELMIELMO: Siapa dekat sini;

1. Perempuan
2. Minat bola sepak
3. Nak jadi pengacara
4. Boleh bekerja waktu flexible

Boleh DM aku segerâ€¦",awinsarahm,"Hamba Allah je


IG: awin.jairi",Johor-cyberjaya,2017-06-26 07:08:11,False,,,
,879010064132055040,RT @MFMiraFilzah: Whatever it is communication is very important in relationship. Bincang dulu baru buat keputusan sama sama.,awinsarahm,"Hamba Allah je


IG: awin.jairi",Johor-cyberjaya,2017-06-25 16:15:05,False,,,
,879001292596629504,"RT @khalednordin: Duit raya pertama untuk Alya di malam Syawal.

Selamat pulang ke negeri tercinta buat semua anak anak Johor. Hati... httpâ€¦",awinsarahm,"Hamba Allah je


IG: awin.jairi",Johor-cyberjaya,2017-06-25 15:40:13,False,,,
,879001041869524992,@_nabilarazali penat sbab kena basuh pinggan berulang kaliğŸ˜‚,awinsarahm,"Hamba Allah je


IG: awin.jairi",Johor-cyberjaya,2017-06-25 15:39:14,False,,,
,878979440268648448,RT @HafizRayyan: RT jika anda masih pakai baju raya dari pagi sampai sekarang. ğŸ™ŒğŸ¼,awinsarahm,"Hamba Allah je


IG: awin.jairi",Johor-cyberjaya,2017-06-25 14:13:23,False,,,
,878976809328562177,@AnnasEaskey salam sy perlukan rm200 utk bayar yuran next sem dan buat belanja makan.#nidahkalike4mintaktakdapat. harap dapat,awinsarahm,"Hamba Allah je


IG: awin.jairi",Johor-cyberjaya,2017-06-25 14:02:56,False,,,
,878894440252792832,RT @khalednordin: DYMM Sultan Ibrahim ibni Almarhum Sultan Iskandar berkenan berangkat hadir ke Rumah Terbuka Aidilfitri di Saujana.,awinsarahm,"Hamba Allah je


IG: awin.jairi",Johor-cyberjaya,2017-06-25 08:35:38,False,,,
,878672815012040704,"RT @aniwzays_wina: Masa opah n atok ada mcm ni la. Mlm cantek je, pagi bersilang2 dgn cousins ğŸ˜„ baik laki pmpuan skali harung https://t.co/â€¦",awinsarahm,"Hamba Allah je


IG: awin.jairi",Johor-cyberjaya,2017-06-24 17:54:58,False,,,
,878526328613490688,RT @Khairykj: Last day of Ramadhan. Already missing this blessed month. May God grant us another Ramadhan next year. Stay safe when traveliâ€¦,awinsarahm,"Hamba Allah je


IG: awin.jairi",Johor-cyberjaya,2017-06-24 08:12:53,False,,,
,878499642832429056,"RT @DrBeniRusani: Anda tahu anda budak medik, bila mak suruh masuk dapur -  ketupat be like... (gambar ehsan Fatimah Zaharah - tak jumpa Twâ€¦",awinsarahm,"Hamba Allah je


IG: awin.jairi",Johor-cyberjaya,2017-06-24 06:26:51,False,,,
,878322665857077248,RT @FoodPornMlaysia: What I like about hari raya is.. The foods! ğŸ˜‹ğŸ˜ğŸ’• https://t.co/8mw4UCkzmV,awinsarahm,"Hamba Allah je


IG: awin.jairi",Johor-cyberjaya,2017-06-23 18:43:36,False,,,
,878322593501020160,"RT @DrBeniRusani: Who got exam after Raya break? Time to sacrifice &amp; and do the right thing. Raya comes every year.

But bad CGPA stays witâ€¦",awinsarahm,"Hamba Allah je


IG: awin.jairi",Johor-cyberjaya,2017-06-23 18:43:19,False,,,
,878137260415139840,"RT @hazman92_: Hi! Any Malaysian students who studying in London &amp; looking for a room? I'd like to renting out my room in Hammersmith, Londâ€¦",awinsarahm,"Hamba Allah je


IG: awin.jairi",Johor-cyberjaya,2017-06-23 06:26:52,False,,,
,878009412870217728,"RT @TravelJimat: WOWâ€¼ï¸PAKEJ BAYAR ANSURAN MELANCONG KE KOREAğŸ‡°ğŸ‡· 5H 4M TERMASUK TIKET PENERBANGAN RM2599 SAHAJA

ğŸ“²019-3787746 https://t.co/Mcâ€¦",awinsarahm,"Hamba Allah je


IG: awin.jairi",Johor-cyberjaya,2017-06-22 21:58:51,False,,,
,878008818847801344,"RT @HafizRayyan: Tahun tahun sebelum seronok je beli baju raya, tahun ni macam nak taknak je. Hari raya is a lot more exciting when I was aâ€¦",awinsarahm,"Hamba Allah je


IG: awin.jairi",Johor-cyberjaya,2017-06-22 21:56:29,False,,,
,877683733834285056,RT @malaysiastudent: Flash E-Voucher Enjoy KRR Classic Choice Meal + Fountain Drink RM16.90 (NP: RM23.80) Until 30 Juneâ€¦ https://t.co/c0Q7Nâ€¦,awinsarahm,"Hamba Allah je


IG: awin.jairi",Johor-cyberjaya,2017-06-22 00:24:43,False,,,
,877683713944854528,RT @malaysiastudent: Top Up #Digi RM10 Reload @ RM5 (50% Discount) Using #Lazada Voucher Code Until 30 June 2017 https://t.co/apTZIPJT3f @Hâ€¦,awinsarahm,"Hamba Allah je


IG: awin.jairi",Johor-cyberjaya,2017-06-22 00:24:38,False,,,
,877683244887556096,@AnnasEaskey nak buat beli keperluan nak raya supaya dapat ringgankan beban mak sy selalu ibu tunggal yg membesarkan kami 6 beradik,awinsarahm,"Hamba Allah je


IG: awin.jairi",Johor-cyberjaya,2017-06-22 00:22:46,False,,,
,877225710162632705,@khairul_hafidz salam dr nak tanya thyroid hormon tak aktif tapi selepas diambil sampel disahkan folicular merbahaya tak jika tak operate?,awinsarahm,"Hamba Allah je


IG: awin.jairi",Johor-cyberjaya,2017-06-20 18:04:42,False,,,
,877218916317003776,RT @sharifahrose: One of the best feelings is when someone understands you without you having to say anything,awinsarahm,"Hamba Allah je


IG: awin.jairi",Johor-cyberjaya,2017-06-20 17:37:42,False,,,
,877212960908730368,"RT @HafreezAdam: Dalam industri ni, jangan percaya sebarang orang. Sbb byk pelakon yg dkt luar set pun masih berlakon. Tak penat ea? ğŸ˜’",awinsarahm,"Hamba Allah je


IG: awin.jairi",Johor-cyberjaya,2017-06-20 17:14:02,False,,,
,876511413472182272,RT @farhanaaadila: @jompromote @KerjaKosongKini @twt_kerja @MauKerjaMY please spread thanks https://t.co/4RJCMEHnbT,awinsarahm,"Hamba Allah je


IG: awin.jairi",Johor-cyberjaya,2017-06-18 18:46:20,False,,,
,876510853746393089,"RT @ameerulafiq_: Cara menghadapi orang yang suka sakitkan hati kita :

1. Jangan respon.
2. Senyap.
3. Sabar dengan aura negatifnya.
4. Doâ€¦",awinsarahm,"Hamba Allah je


IG: awin.jairi",Johor-cyberjaya,2017-06-18 18:44:06,False,,,
,876508922554732545,RT @DiscoverGlobal: Mobile wallets' future? To minimize friction and create a more immersive and deeply personalized shopping experience htâ€¦,awinsarahm,"Hamba Allah je


IG: awin.jairi",Johor-cyberjaya,2017-06-18 18:36:26,False,,,
,875296644530446336,"RT @dailamidaniel: You know my name, not my story. You've heard what I've done, not what I've been through. If you were in my shoes, you'dâ€¦",awinsarahm,"Hamba Allah je


IG: awin.jairi",Johor-cyberjaya,2017-06-15 10:19:16,False,,,
,874018110457565185,"RT @khairul_hafidz: Heartbroken tak menyebabkan rhythm jantung berubah.

Yang berubah tu sikap kita, kerana baru pertama kali kena friendzoâ€¦",awinsarahm,"Hamba Allah je


IG: awin.jairi",Johor-cyberjaya,2017-06-11 21:38:50,False,,,
,874017793766596608,RT @Khairykj: Tindakan yang perlu dikecam. Lebih2 lagi pada bulan puasa. Tak perlu kita bertindak seperti ini walaupun beza pandangan politâ€¦,awinsarahm,"Hamba Allah je


IG: awin.jairi",Johor-cyberjaya,2017-06-11 21:37:35,False,,,
,873548017122410497,"RT @bernamadotcom: PM @NajibRazak umum insentif Raya RM500, dividen RM280 untuk peneroka Felda https://t.co/xBsTWev3SD https://t.co/w3z8aFKâ€¦",awinsarahm,"Hamba Allah je


IG: awin.jairi",Johor-cyberjaya,2017-06-10 14:30:51,False,,,
,870739716244520961,"RT @REALFAFAU: kata dinner tp nampak luar cerah
ok ok husnuzon sbb lampu hotel tu cerah sgtttt  #pembancuhkopimrvampire",awinsarahm,"Hamba Allah je


IG: awin.jairi",Johor-cyberjaya,2017-06-02 20:31:40,False,,,
,870346703966150656,RT @ELMIELMO: Phone ni. Aku kalau boleh nak bagi dekat orang yang betul-betul perlukan phone. Atau tak pernah ada phone. Tak payah jawab soâ€¦,awinsarahm,"Hamba Allah je


IG: awin.jairi",Johor-cyberjaya,2017-06-01 18:29:59,False,,,
,870346117313028096,"RT @khairul_hafidz: Teh mengandungi kafein. Kafein bersifat diuretik.

Bila minum air teh, kadang menyebabkan lebih banyak kencing, akhirnyâ€¦",awinsarahm,"Hamba Allah je


IG: awin.jairi",Johor-cyberjaya,2017-06-01 18:27:39,False,,,
,870190431153176576,"RT @mycorpsofficial: Dear Malaysian youths.

Good News !!

Up to date we have received an overwhelming amount of applications.... https://tâ€¦",awinsarahm,"Hamba Allah je


IG: awin.jairi",Johor-cyberjaya,2017-06-01 08:09:00,False,,,
,869178619469352960,RT @malaysiastudent: #Uber Promo Code RM8 OFF 5 Rides 6AM - 6PM Until 4 June 2017 https://t.co/Qdt0gYk0DU @HargaRuntuh #promodiscountvoucheâ€¦,awinsarahm,"Hamba Allah je


IG: awin.jairi",Johor-cyberjaya,2017-05-29 13:08:26,False,,,
,868366294050983936,"RT @khairul_hafidz: Sedikit tips untuk mereka yang selalu mengalami gejala dyspepsia (gastrik) dalam menjalani puasa di bulan Ramadhan.

#Mâ€¦",awinsarahm,"Hamba Allah je


IG: awin.jairi",Johor-cyberjaya,2017-05-27 07:20:32,False,,,
,867443995562999809,RT @ManUtd: The #MUFC team for the #UELfinal... https://t.co/nUo3JZ1tpO,awinsarahm,"Hamba Allah je


IG: awin.jairi",Johor-cyberjaya,2017-05-24 18:15:39,False,,,
,866694492618866688,RT @SenangBit: Sempat lagi pagi ni sehingga 12 tengahari MYT ~ 12 midnight in New York... ğŸ•ğŸ•ğŸš€ğŸŒšğŸŒ“ğŸŒ•#BTCPizzaDayWithMobi https://t.co/YJhydkxbaN,awinsarahm,"Hamba Allah je


IG: awin.jairi",Johor-cyberjaya,2017-05-22 16:37:24,False,,,
,866694281783726080,"RT @eyda_chan: So approximately, imsak pkul 5.30. Cite nye msak mlm sblum la utk shur. https://t.co/fBUUCd5XqH",awinsarahm,"Hamba Allah je


IG: awin.jairi",Johor-cyberjaya,2017-05-22 16:36:33,False,,,
,866623568662061056,"RT @FoodPornMlaysia: -Tempoyak ikan patin
-Petai masak tempoyak
-Sambal hitam
-Pais ikan patin

Pahang local foods! ğŸ˜‹ğŸ˜ğŸ’• https://t.co/mjGFqSâ€¦",awinsarahm,"Hamba Allah je


IG: awin.jairi",Johor-cyberjaya,2017-05-22 11:55:34,False,,,
,866623048211767296,"RT @MauKerjaMY: Warga Johor! Ambil perhatian ok? Waktu berbuka &amp; imsak bagi kawasan kawasan di Johor. RT kasi semua tau #MauPuasa

Sumber :â€¦",awinsarahm,"Hamba Allah je


IG: awin.jairi",Johor-cyberjaya,2017-05-22 11:53:30,False,,,
,866622998593191936,"RT @FoodPornMlaysia: -Pisang goreng sambal kicap
-Mee Racun Batu Pahat
- Kacang Pool JB
-Lontong Goreng

Johor local foods ğŸ˜‹ğŸ˜ğŸ’• https://t.coâ€¦",awinsarahm,"Hamba Allah je


IG: awin.jairi",Johor-cyberjaya,2017-05-22 11:53:18,False,,,
,866587605290278912,RT @nabilarazali_: Hai orang JB! Wafeen nak ajak korang dating Khamis ni. Kita tengok movie jom! Tag 3 org BFF korang cepattt!!! #PematahHaâ€¦,awinsarahm,"Hamba Allah je


IG: awin.jairi",Johor-cyberjaya,2017-05-22 09:32:40,False,,,
,865227877603721220,RT @malaysiastudent: Major Problems of Being a Malaysian Student Studying Overseas... https://t.co/KlSR6NxShf,awinsarahm,"Hamba Allah je


IG: awin.jairi",Johor-cyberjaya,2017-05-18 15:29:35,False,,,
,865227776374132736,RT @_____aimstfu: Penjelasan disebalik kejadian David Teo dan penampar sulung Mat Over. https://t.co/QhsOnd9kvK,awinsarahm,"Hamba Allah je


IG: awin.jairi",Johor-cyberjaya,2017-05-18 15:29:11,False,,,
,864906241130115072,susah nak lelapkan mata tatkala terkenang nasib dan dugaan yg ditempuh bersabarlah sebab tak semua org akn ad dengan kita dan mampu tolongğŸ˜”,awinsarahm,"Hamba Allah je


IG: awin.jairi",Johor-cyberjaya,2017-05-17 18:11:31,False,,,
,864861173883183104,RT @malaysiastudent: The Chicken Rice Shop Â¼ Chicken RM1.80 (Must Bring a Friend) Every 18th of the Month https://t.co/eapmlXSfyu @HargaRunâ€¦,awinsarahm,"Hamba Allah je


IG: awin.jairi",Johor-cyberjaya,2017-05-17 15:12:26,False,,,
,863401574734872577,"ya Allah, susahnya nasib jadi student ipts ni dibebani dengan duit makan yg tak cukup apakan daya datang dari family yg kurang mampuğŸ˜”",awinsarahm,"Hamba Allah je


IG: awin.jairi",Johor-cyberjaya,2017-05-13 14:32:31,False,,,
,863290707779272711,@AnnasEaskey tq abg bntu student.sy ad mntion dlm tweet abg sblm ni mohon dpt bntu sy student yg dtg dri fmily krgâ€¦ https://t.co/jE7fWptnYo,awinsarahm,"Hamba Allah je


IG: awin.jairi",Johor-cyberjaya,2017-05-13 07:11:58,False,,,
,862888125520990208,"@AnnasEaskey salam bang,hrp bntuan smlm yg sy mention dpt..sy mmg memerlukan utk belanja..sy ank felda Johor &amp; dtg dr keluarga krg kemmpuan",awinsarahm,"Hamba Allah je


IG: awin.jairi",Johor-cyberjaya,2017-05-12 04:32:15,False,,,
,862724475296428033,@fizoomar bile tarikh tutup ye abg fizo?,awinsarahm,"Hamba Allah je


IG: awin.jairi",Johor-cyberjaya,2017-05-11 17:41:58,False,,,
,862679520435814401,@AnnasEaskey nak buat duit makan dan print assignment. mak ibu tunggal n sy yg sulung dari 6 beradik. tak sampai haâ€¦ https://t.co/5NHwQIf2KQ,awinsarahm,"Hamba Allah je


IG: awin.jairi",Johor-cyberjaya,2017-05-11 14:43:20,False,,,
,857875134773829632,"RT @SenangBit: FOLLOW &amp; RTWT to win 1,000 Bitcoin bits EACH DAY (19-28 APR 2017) - Two in Malaysia will win @YourBTCC baseball cap on MAY 1â€¦",awinsarahm,"Hamba Allah je


IG: awin.jairi",Johor-cyberjaya,2017-04-28 08:32:25,False,,,
,670733267004358656,RT @Oh_My_English: Want to see @Shaheizy_Sam's episode via #OhMyEnglish's YouTube channel? Give us 300 retweets nowww!! You can do it! httpâ€¦,awinsarahm,"Hamba Allah je


IG: awin.jairi",Johor-cyberjaya,2015-11-28 22:37:27,False,,,
