Label,Tweet_ID,Tweet,Screen_Name,Description,User_Location,Time,Geo_Enabled,Place,Lat,Long
,1098757796521304064,"@eepeters_ep Thatâ€™s so beautiful! I love to see such beautiful things! I hope you have a really nice relaxing evening,&amp; have a really good nights sleep too! https://t.co/O16V47wVr7",carol08156,"Iâ€™m married and I have 3 grown children,& my husbandâ€™s name is Gary. I live Hamilton New Jersey.","Trenton, NJ",2019-02-21 20:34:07,True,,,
,1098723159992340480,@mattfoster2010 Iâ€™m so glad to hear that my dear friend! And your very welcome and I thank you too! ğŸ˜ƒğŸ¤—,carol08156,"Iâ€™m married and I have 3 grown children,& my husbandâ€™s name is Gary. I live Hamilton New Jersey.","Trenton, NJ",2019-02-21 18:16:29,True,,,
,1098722235714621440,@mattfoster2010 your very welcome my dear friend! Hope you had a wonderful day and have a wonderful weekend too! ğŸ˜ƒğŸ¤—,carol08156,"Iâ€™m married and I have 3 grown children,& my husbandâ€™s name is Gary. I live Hamilton New Jersey.","Trenton, NJ",2019-02-21 18:12:48,True,,,
,1098682619573743617,Iâ€™ll bet she does wish that!!! Sheâ€™s such a stupid selfish Snowflake!!! #Y&amp;R ğŸ™„ https://t.co/XwUD3oUsSd,carol08156,"Iâ€™m married and I have 3 grown children,& my husbandâ€™s name is Gary. I live Hamilton New Jersey.","Trenton, NJ",2019-02-21 15:35:23,True,,,
,1098682158275878912,"@michepietracupa Your welcome honey,&amp; I thank you too honey! https://t.co/xfSWBCypyl",carol08156,"Iâ€™m married and I have 3 grown children,& my husbandâ€™s name is Gary. I live Hamilton New Jersey.","Trenton, NJ",2019-02-21 15:33:33,True,,,
,1098641292282736640,@PNCBank_Help I canâ€™t change my primary phone number! And I also canâ€™t see what balance there is either? Please help,carol08156,"Iâ€™m married and I have 3 grown children,& my husbandâ€™s name is Gary. I live Hamilton New Jersey.","Trenton, NJ",2019-02-21 12:51:10,True,,,
,1098582068777361408,Your very welcome Steve! I too am wishing you and everyone a great day! Sending love and hugs to everyone too!!! ğŸ˜ƒğŸ¤—ğŸ¥°ğŸ˜ğŸ˜˜ğŸ’ğŸ’ğŸ’ https://t.co/4FrJjzSzPY,carol08156,"Iâ€™m married and I have 3 grown children,& my husbandâ€™s name is Gary. I live Hamilton New Jersey.","Trenton, NJ",2019-02-21 08:55:50,True,,,
,1098581823125377030,@eepeters_ep Good Morning Sweetie! Happy Thursday! I too need more coffee today too!!!! https://t.co/IMKNlqNQUq,carol08156,"Iâ€™m married and I have 3 grown children,& my husbandâ€™s name is Gary. I live Hamilton New Jersey.","Trenton, NJ",2019-02-21 08:54:51,True,,,
,1098570391847604225,@WoodsCher Iâ€™ll definitely give Peanut kisses from you! Thank you!!! â™¥ï¸â¤ï¸ğŸ’ğŸ˜˜,carol08156,"Iâ€™m married and I have 3 grown children,& my husbandâ€™s name is Gary. I live Hamilton New Jersey.","Trenton, NJ",2019-02-21 08:09:26,True,,,
,1098570263959138304,"@WoodsCher Hi honey,&amp; thank you honey! Im glad everythingâ€™s fine with you both. Things are okay here. I hope you both have a really wonderful day! I love you honey! https://t.co/BCQQ3Nt3ZT",carol08156,"Iâ€™m married and I have 3 grown children,& my husbandâ€™s name is Gary. I live Hamilton New Jersey.","Trenton, NJ",2019-02-21 08:08:56,True,,,
,1098568149425901568,@donnascalise Good Morning Honey and Thank you! Happy Thursday to you and everyone too! https://t.co/dkovnELlMS,carol08156,"Iâ€™m married and I have 3 grown children,& my husbandâ€™s name is Gary. I live Hamilton New Jersey.","Trenton, NJ",2019-02-21 08:00:31,True,,,
,1098567895641145344,Thank you honey! I too wish you and all a Really Great Day! Big hugs from Peanut and me to Ange and you both! Iâ€™m sending you both all my love too honey! ğŸ¶ğŸ•ğŸ¾ğŸŒºğŸŒ¸ğŸŒ·ğŸŒ¹â™¥ï¸â¤ï¸ğŸ’ğŸ˜ƒğŸ¤—ğŸ¥°ğŸ˜ğŸ˜˜ https://t.co/1G6ytfMZIF,carol08156,"Iâ€™m married and I have 3 grown children,& my husbandâ€™s name is Gary. I live Hamilton New Jersey.","Trenton, NJ",2019-02-21 07:59:31,True,,,
,1098567605374369797,"Hi honey! Thank you honey,&amp; your very welcome honey! Iâ€™m so happy to be back here! â™¥ï¸â¤ï¸ğŸ’ğŸ˜ƒğŸ¤—ğŸ¥°ğŸ˜ğŸ˜˜ğŸŒ¹ https://t.co/1pUA02B2n2",carol08156,"Iâ€™m married and I have 3 grown children,& my husbandâ€™s name is Gary. I live Hamilton New Jersey.","Trenton, NJ",2019-02-21 07:58:22,True,,,
,1098567266017386498,Good Morning and your very welcome sis! I too wish you and our #Family a great and blessed day too! â™¥ï¸ğŸ¤—â™¥ï¸ https://t.co/9wxnvapAgi,carol08156,"Iâ€™m married and I have 3 grown children,& my husbandâ€™s name is Gary. I live Hamilton New Jersey.","Trenton, NJ",2019-02-21 07:57:01,True,,,
,1098566972286091264,@nathalie_mounir Good Morning Sweetie! Happy Thursday! I hope you have a really great day! Thank you for all the retweets and likes. I really love and appreciate them very much! Love you! https://t.co/9MufdYBDXW,carol08156,"Iâ€™m married and I have 3 grown children,& my husbandâ€™s name is Gary. I live Hamilton New Jersey.","Trenton, NJ",2019-02-21 07:55:51,True,,,
,1098566473029771264,@JackConnie Good Morning Sweetie! Happy Thursday! I hope you have a really great day! https://t.co/2FVp2Jy13u,carol08156,"Iâ€™m married and I have 3 grown children,& my husbandâ€™s name is Gary. I live Hamilton New Jersey.","Trenton, NJ",2019-02-21 07:53:52,True,,,
,1098566213842731009,@YR_Deeva @suwannabug @RhondaStadler @BabblinBrooks98 @WINDSONG58 Good Morning Everyone! Happy Thursday! Wishing You All a Really Great Day! https://t.co/EaRKUNvgKy,carol08156,"Iâ€™m married and I have 3 grown children,& my husbandâ€™s name is Gary. I live Hamilton New Jersey.","Trenton, NJ",2019-02-21 07:52:50,True,,,
,1098565614690549760,@LauriePayne79 @SteveDunfee @mattfoster2010 @bethreamer @WoodsCher Good Morning Everyone! Happy Thursday! Wishing You All a Really Great Day! https://t.co/GpRflZfXry,carol08156,"Iâ€™m married and I have 3 grown children,& my husbandâ€™s name is Gary. I live Hamilton New Jersey.","Trenton, NJ",2019-02-21 07:50:27,True,,,
,1098565412814503937,@ClockworkHamma @eepeters_ep @Peeperpea29 @MarieSoapFan @KIPPSI1 Good Morning Everyone! Happy Thursday! Wishing You All a Really Great Day! https://t.co/jwhApsWyPe,carol08156,"Iâ€™m married and I have 3 grown children,& my husbandâ€™s name is Gary. I live Hamilton New Jersey.","Trenton, NJ",2019-02-21 07:49:39,True,,,
,1098565119024472065,@donnascalise @michepietracupa @anitakearney65 @debratankersle1 @rick_rica @AlloccaMirella @mothermission @SJarackas Good Morning Everyone! Happy Thursday! Wishing You All a Really Great Day! https://t.co/fP3dxYgDFX,carol08156,"Iâ€™m married and I have 3 grown children,& my husbandâ€™s name is Gary. I live Hamilton New Jersey.","Trenton, NJ",2019-02-21 07:48:29,True,,,
,1098564266905481217,@jimdonovancbs3 Hi Jim! Just thought Iâ€™d share a thought to start this day! https://t.co/yR7rHsnSNX,carol08156,"Iâ€™m married and I have 3 grown children,& my husbandâ€™s name is Gary. I live Hamilton New Jersey.","Trenton, NJ",2019-02-21 07:45:06,True,,,
,1098558251308892161,@jimdonovancbs3 @RahelCBS3 @katiefehlingerCBS3 @ChandlerCBS3 @PatGallenCBS3 Good Morning To The Best News Team Ever! Happy Thursday! Im Wishing You All A Really Great Day! https://t.co/avbFGRwXh7,carol08156,"Iâ€™m married and I have 3 grown children,& my husbandâ€™s name is Gary. I live Hamilton New Jersey.","Trenton, NJ",2019-02-21 07:21:11,True,,,
,1098554650670841856,Iâ€™m so glad to hear that Trang! Your very welcome too. I love All #MyCBS3Family! ğŸ¤—ğŸ˜˜ https://t.co/nDe9RZ15HU,carol08156,"Iâ€™m married and I have 3 grown children,& my husbandâ€™s name is Gary. I live Hamilton New Jersey.","Trenton, NJ",2019-02-21 07:06:53,True,,,
,1098368432561627136,@anitakearney65 aww honey Iâ€™m so very sorry for your loss. Iâ€™m sending you prayers and all my love too. ğŸ™ğŸ»ğŸ™ğŸ»ğŸ™ğŸ»â™¥ï¸â™¥ï¸â™¥ï¸,carol08156,"Iâ€™m married and I have 3 grown children,& my husbandâ€™s name is Gary. I live Hamilton New Jersey.","Trenton, NJ",2019-02-20 18:46:55,True,,,
,1098366881747140608,My furbaby does! Lol ğŸ˜‚ https://t.co/YyC394v5U6,carol08156,"Iâ€™m married and I have 3 grown children,& my husbandâ€™s name is Gary. I live Hamilton New Jersey.","Trenton, NJ",2019-02-20 18:40:45,True,,,
,1098354655644532737,"@UkeeWashington @JessKartalija @katebiloCBS3 @DonBellonCBS3 Good Evening #Family! My days are always the best, because I start and end them, with CBS3 and You! Be safe out there!!",carol08156,"Iâ€™m married and I have 3 grown children,& my husbandâ€™s name is Gary. I live Hamilton New Jersey.","Trenton, NJ",2019-02-20 17:52:11,True,,,
,1098310042552541184,Me too! Iâ€™d much rather have rain than snow any day too. #IHateShovelingSnow! https://t.co/3dcAkCcPIP,carol08156,"Iâ€™m married and I have 3 grown children,& my husbandâ€™s name is Gary. I live Hamilton New Jersey.","Trenton, NJ",2019-02-20 14:54:54,True,,,
,1098277106973376512,@AlloccaMirella please be careful if your having the weather we are. I love you honey! ğŸ¸ğŸ¥‚ https://t.co/0vsmvlErJy,carol08156,"Iâ€™m married and I have 3 grown children,& my husbandâ€™s name is Gary. I live Hamilton New Jersey.","Trenton, NJ",2019-02-20 12:44:01,True,,,
,1098276716567543809,"@donnascalise Good Morning Honey! I want to say how very sorry I am that you werenâ€™t getting my tweets. I thought I had made sure I was following you, but I just checked and I wasnâ€™t. Iâ€™m so sorry honey. Forgive me honey. Happy Hump Day honey!!! https://t.co/edntFMuDlw",carol08156,"Iâ€™m married and I have 3 grown children,& my husbandâ€™s name is Gary. I live Hamilton New Jersey.","Trenton, NJ",2019-02-20 12:42:28,True,,,
,1098272950145482754,This is what we have so far at 12:27 pm!!! Hoping my hubby will get home safely. https://t.co/3GjzDYbCjm,carol08156,"Iâ€™m married and I have 3 grown children,& my husbandâ€™s name is Gary. I live Hamilton New Jersey.","Trenton, NJ",2019-02-20 12:27:30,True,,,
,1098270410582511616,"I hate this storyline so much,&amp; I WANT IT TO END NOW!!!! TO PAINFUL TO WATCH!!! ğŸ˜¡ğŸ˜¡#BoldandBeautiful https://t.co/mTM8OjbkD2",carol08156,"Iâ€™m married and I have 3 grown children,& my husbandâ€™s name is Gary. I live Hamilton New Jersey.","Trenton, NJ",2019-02-20 12:17:25,True,,,
,1098269266397286400,@TrangDoCBS3 Hi Trang! Please be safe and careful when driving out there! We love you! ğŸ˜ƒğŸ¤—ğŸ˜˜â™¥ï¸â¤ï¸ğŸ’ğŸ’,carol08156,"Iâ€™m married and I have 3 grown children,& my husbandâ€™s name is Gary. I live Hamilton New Jersey.","Trenton, NJ",2019-02-20 12:12:52,True,,,
,1098268674891440128,@RahelCBS3 @katiefehlingerCBS3 and @ChandlerCBS3 Please Be Safe and Careful when leaving after the news! We love you all! ğŸ’ğŸ’ğŸ’ğŸ˜ƒğŸ¤—â™¥ï¸,carol08156,"Iâ€™m married and I have 3 grown children,& my husbandâ€™s name is Gary. I live Hamilton New Jersey.","Trenton, NJ",2019-02-20 12:10:31,True,,,
,1098268276503859205,Jim please be safe and warm while driving back home! https://t.co/m0FR8AsS6r,carol08156,"Iâ€™m married and I have 3 grown children,& my husbandâ€™s name is Gary. I live Hamilton New Jersey.","Trenton, NJ",2019-02-20 12:08:56,True,,,
,1098268072467750912,@ClockworkHamma I know! Itâ€™s really coming down quite hard and is really sticking to everything!!,carol08156,"Iâ€™m married and I have 3 grown children,& my husbandâ€™s name is Gary. I live Hamilton New Jersey.","Trenton, NJ",2019-02-20 12:08:07,True,,,
,1098265734285873153,#CBS3Snow This is what we have so far in Hamilton New Jersey! https://t.co/hxGFN8A4iJ,carol08156,"Iâ€™m married and I have 3 grown children,& my husbandâ€™s name is Gary. I live Hamilton New Jersey.","Trenton, NJ",2019-02-20 11:58:50,True,,,
,1098264709881647104,@katiefehlinger Hi Katie! Hereâ€™s what itâ€™s looking like in Hamilton New Jersey at 11:54 am!! https://t.co/aGOShAF455,carol08156,"Iâ€™m married and I have 3 grown children,& my husbandâ€™s name is Gary. I live Hamilton New Jersey.","Trenton, NJ",2019-02-20 11:54:46,True,,,
,1098254037236019200,"@WoodsCher Hi honey,&amp; thank you. I hope you both have a really wonderful day too! https://t.co/i6PIhFFeJm",carol08156,"Iâ€™m married and I have 3 grown children,& my husbandâ€™s name is Gary. I live Hamilton New Jersey.","Trenton, NJ",2019-02-20 11:12:21,True,,,
,1098249793560825861,@michepietracupa https://t.co/kevDwq8DTm,carol08156,"Iâ€™m married and I have 3 grown children,& my husbandâ€™s name is Gary. I live Hamilton New Jersey.","Trenton, NJ",2019-02-20 10:55:29,True,,,
,1098249610559217664,Thank you honey! Happy Hump Day to you and all too! https://t.co/k9fsbLlx3A,carol08156,"Iâ€™m married and I have 3 grown children,& my husbandâ€™s name is Gary. I live Hamilton New Jersey.","Trenton, NJ",2019-02-20 10:54:46,True,,,
,1098247736934182912,@katiefehlinger Hi Katie! It just started snowing here in Hamilton New Jersey! https://t.co/EtvEpqEUIa,carol08156,"Iâ€™m married and I have 3 grown children,& my husbandâ€™s name is Gary. I live Hamilton New Jersey.","Trenton, NJ",2019-02-20 10:47:19,True,,,
,1098239591159607296,"Your very welcome honey,&amp; I thank you too honey. I too hope you and everyone has a really great day too. Big hugs from Peanut And me to Ange and you both honey. I love you both very much honey! ğŸ¶ğŸ•ğŸ¾ğŸŒºğŸŒ¸ğŸŒ·ğŸ˜ƒğŸ¤—ğŸ¥°ğŸ˜ğŸ˜˜â™¥ï¸â¤ï¸ğŸ’ğŸŒ¹ https://t.co/4L2fJhRNuw",carol08156,"Iâ€™m married and I have 3 grown children,& my husbandâ€™s name is Gary. I live Hamilton New Jersey.","Trenton, NJ",2019-02-20 10:14:57,True,,,
,1098238580420497408,Your very welcome sis!! â™¥ï¸â™¥ï¸â™¥ï¸ https://t.co/XBryMBrYEH,carol08156,"Iâ€™m married and I have 3 grown children,& my husbandâ€™s name is Gary. I live Hamilton New Jersey.","Trenton, NJ",2019-02-20 10:10:56,True,,,
,1098238271233159168,Hugs and love to you too sis!!! â™¥ï¸â™¥ï¸ğŸ¤—ğŸ¤—â™¥ï¸â™¥ï¸ https://t.co/UCLDIMZmwO,carol08156,"Iâ€™m married and I have 3 grown children,& my husbandâ€™s name is Gary. I live Hamilton New Jersey.","Trenton, NJ",2019-02-20 10:09:42,True,,,
,1098238174323769344,"Good Morning sis,&amp; thank you! I love your photo too. I too hope you and all our #Family have a really great day too! I love you all!!â€™ ğŸ˜ƒğŸ¤—ğŸ¥°ğŸ˜ğŸ˜˜â™¥ï¸â¤ï¸ğŸ’ğŸŒ¹ https://t.co/V5aQaEHnth",carol08156,"Iâ€™m married and I have 3 grown children,& my husbandâ€™s name is Gary. I live Hamilton New Jersey.","Trenton, NJ",2019-02-20 10:09:19,True,,,
,1098236253626081281,"@eepeters_ep Good Morning Sweetie,&amp; Thank you honey. I too hope you and all have a really great day! https://t.co/Pq6oDcI6dz",carol08156,"Iâ€™m married and I have 3 grown children,& my husbandâ€™s name is Gary. I live Hamilton New Jersey.","Trenton, NJ",2019-02-20 10:01:41,True,,,
,1098235851514003456,"Good Morning Honey,&amp; Thank you! I hope you and all have a really wonderful day. I love you honey! Praying for you too. ğŸ’ğŸ’ğŸ’ğŸ’ğŸ™ğŸ»ğŸ™ğŸ»ğŸ™ğŸ»ğŸ™ğŸ»ğŸ˜˜ğŸ˜˜ğŸ˜˜ https://t.co/Ez1RQhbm1r",carol08156,"Iâ€™m married and I have 3 grown children,& my husbandâ€™s name is Gary. I live Hamilton New Jersey.","Trenton, NJ",2019-02-20 10:00:05,True,,,
,1098235627252969472,@nathalie_mounir Good Morning Sweetie! Happy Wednesday! I hope you have a really wonderful day! https://t.co/DOkYN6Q9TF,carol08156,"Iâ€™m married and I have 3 grown children,& my husbandâ€™s name is Gary. I live Hamilton New Jersey.","Trenton, NJ",2019-02-20 09:59:12,True,,,
,1098235399804194816,@YR_Deeva @suwannabug @RhondaStadler @BabblinBrooks98 @WINDSONG58 Good Morning Everyone! Happy Wednesday! I hope you all have a really wonderful day! https://t.co/LzCMzXrweN,carol08156,"Iâ€™m married and I have 3 grown children,& my husbandâ€™s name is Gary. I live Hamilton New Jersey.","Trenton, NJ",2019-02-20 09:58:18,True,,,
,1098235043800076289,@ClockworkHamma @eepeters_ep @Peeperpea29 @MarieSoapFan @KIPPSI1 Good Morning Everyone! Happy Wednesday! I hope you all have a really wonderful day! https://t.co/f2y7flG6y9,carol08156,"Iâ€™m married and I have 3 grown children,& my husbandâ€™s name is Gary. I live Hamilton New Jersey.","Trenton, NJ",2019-02-20 09:56:53,True,,,
,1098234412934840320,@donnascalise @michepietracupa @anitakearney65 @rick_rica @debratankersle1 @mothermission @AlloccaMirella @SJarackas Good Morning Everyone! Happy Wednesday! I hope you all have a really wonderful day! https://t.co/62Tq5ihJd2,carol08156,"Iâ€™m married and I have 3 grown children,& my husbandâ€™s name is Gary. I live Hamilton New Jersey.","Trenton, NJ",2019-02-20 09:54:22,True,,,
,1098232967158263808,"@JackConnie Your a beautiful couple, honey! Iâ€™m so happy for you both!! Love you honey!!! https://t.co/ZGFafLQlgq",carol08156,"Iâ€™m married and I have 3 grown children,& my husbandâ€™s name is Gary. I live Hamilton New Jersey.","Trenton, NJ",2019-02-20 09:48:38,True,,,
,1098219395883642883,@JackConnie Good Morning Sweetie! Happy Wednesday! And thank you honey! I hope you have a really wonderful day! https://t.co/eUf4map3hk,carol08156,"Iâ€™m married and I have 3 grown children,& my husbandâ€™s name is Gary. I live Hamilton New Jersey.","Trenton, NJ",2019-02-20 08:54:42,True,,,
,1098032878569615360,@nathalie_mounir Good Morning Sweetie! Happy Tuesday! I hope youâ€™ve had a really wonderful day! https://t.co/k35h3dSCx1,carol08156,"Iâ€™m married and I have 3 grown children,& my husbandâ€™s name is Gary. I live Hamilton New Jersey.","Trenton, NJ",2019-02-19 20:33:33,True,,,
,1097971542963744768,@michepietracupa Your very welcome honey! I hope you and all had a really great day too! Love you honey!!! â™¥ï¸â™¥ï¸ğŸ’ğŸ’ğŸ˜˜ğŸ˜˜ğŸ˜˜,carol08156,"Iâ€™m married and I have 3 grown children,& my husbandâ€™s name is Gary. I live Hamilton New Jersey.","Trenton, NJ",2019-02-19 16:29:49,True,,,
,1097875029331767299,Thank you honey! I too hope you and all our #Family have a really great day too. Big hugs to Ange and you from Peanut and me! We send all our love to you both too. ğŸ¶ğŸ•ğŸ¾ğŸŒºğŸŒ¸ğŸŒ·ğŸŒ¹ğŸ˜ƒğŸ¤—ğŸ¥°ğŸ˜ğŸ˜˜â™¥ï¸â¤ï¸ğŸ’ https://t.co/4TF08h5NrI,carol08156,"Iâ€™m married and I have 3 grown children,& my husbandâ€™s name is Gary. I live Hamilton New Jersey.","Trenton, NJ",2019-02-19 10:06:19,True,,,
,1097870611668525056,@anitakearney65 Good Morning Sweetie! Happy Tuesday! I hope you Have A Really Great Day! I love you honey! ğŸ˜ƒğŸ¥°ğŸ˜ğŸ˜˜ğŸ’ğŸ’ğŸ’ğŸ™ğŸ»ğŸ™ğŸ»ğŸ™ğŸ»ğŸ™ğŸ»ğŸ™ğŸ» https://t.co/y7yVfiExVG,carol08156,"Iâ€™m married and I have 3 grown children,& my husbandâ€™s name is Gary. I live Hamilton New Jersey.","Trenton, NJ",2019-02-19 09:48:45,True,,,
,1097865153108938754,Good Morning Rick and Friends! Happy Tuesday you and all our friends too! I too hope you and all have a really fabulous day! ğŸ˜ƒğŸ¤—ğŸ™‹ğŸ¼â€â™€ï¸ğŸ¥‚ğŸ¸ğŸ¥‚ğŸ’ https://t.co/bdJb4EsRB4,carol08156,"Iâ€™m married and I have 3 grown children,& my husbandâ€™s name is Gary. I live Hamilton New Jersey.","Trenton, NJ",2019-02-19 09:27:04,True,,,
,1097861165424754689,@jimdonovancbs3 Hi Jim! Got a question for you? Why does everyone get a virtual hug when they ask you but I donâ€™t? Am I chopped liver or something?? ğŸ˜‚ LOL,carol08156,"Iâ€™m married and I have 3 grown children,& my husbandâ€™s name is Gary. I live Hamilton New Jersey.","Trenton, NJ",2019-02-19 09:11:13,True,,,
,1097860715594035201,@eepeters_ep Good Morning Sweetie! Happy Tuesday!! https://t.co/Ot0OVg769t,carol08156,"Iâ€™m married and I have 3 grown children,& my husbandâ€™s name is Gary. I live Hamilton New Jersey.","Trenton, NJ",2019-02-19 09:09:26,True,,,
,1097860515387330562,@nathalie_mounir Good Morning Sweetie! Happy Tuesday! Have A Really Great Day. https://t.co/Z2oqk9VZ80,carol08156,"Iâ€™m married and I have 3 grown children,& my husbandâ€™s name is Gary. I live Hamilton New Jersey.","Trenton, NJ",2019-02-19 09:08:38,True,,,
,1097860349234167808,@JackConnie Good Morning Sweetie! Happy Tuesday! Have A Really Great Day! https://t.co/Byz2iOhDfa,carol08156,"Iâ€™m married and I have 3 grown children,& my husbandâ€™s name is Gary. I live Hamilton New Jersey.","Trenton, NJ",2019-02-19 09:07:59,True,,,
,1097860194573406210,@YR_Deeva @suwannabug @RhondaStadler @BabblinBrooks98 @WINDSONG58 Good Morning Everyone! Happy Tuesday! Have A Really Great Day! https://t.co/syt7C0GVt8,carol08156,"Iâ€™m married and I have 3 grown children,& my husbandâ€™s name is Gary. I live Hamilton New Jersey.","Trenton, NJ",2019-02-19 09:07:22,True,,,
,1097859753940828161,@LauriePayne79 @SteveDunfee @JMJ8969 @mattfoster2010 @bethreamer @WoodsCher Good Morning Everyone! Happy Tuesday! Have A Really Great Day!!! https://t.co/uHCY2ZkIpS,carol08156,"Iâ€™m married and I have 3 grown children,& my husbandâ€™s name is Gary. I live Hamilton New Jersey.","Trenton, NJ",2019-02-19 09:05:37,True,,,
,1097859344161492992,@ClockworkHamma @eepeters_ep @Peeperpea29 @MarieSoapFan @KIPPSI1 Good Morning Everyone! Happy Tuesday!!! Have A Really Great Day!!! https://t.co/T7t4SDnQgX,carol08156,"Iâ€™m married and I have 3 grown children,& my husbandâ€™s name is Gary. I live Hamilton New Jersey.","Trenton, NJ",2019-02-19 09:03:59,True,,,
,1097859067584962560,@donnascalise @michepietracupa @anitakearney65 @rick_rica @debratankersle1 @mothermission @AlloccaMirella @SJarackas Good Morning Everyone! Happy Tuesday! Have A Great Day Everyone! https://t.co/iKLqDqWpBS,carol08156,"Iâ€™m married and I have 3 grown children,& my husbandâ€™s name is Gary. I live Hamilton New Jersey.","Trenton, NJ",2019-02-19 09:02:53,True,,,
,1097558151220641792,@JMJ8969 https://t.co/8tMjfaYF2W,carol08156,"Iâ€™m married and I have 3 grown children,& my husbandâ€™s name is Gary. I live Hamilton New Jersey.","Trenton, NJ",2019-02-18 13:07:09,True,,,
,1097558045087989763,@JMJ8969 Good Afternoon to you too honey! I too hope you and all our #a Family have a really great day! I love you honey!!! ğŸ˜ƒğŸ¤—ğŸ¥°ğŸ˜ğŸ˜˜â™¥ï¸â¤ï¸ğŸ’ğŸŒ¹,carol08156,"Iâ€™m married and I have 3 grown children,& my husbandâ€™s name is Gary. I live Hamilton New Jersey.","Trenton, NJ",2019-02-18 13:06:44,True,,,
,1097516251260375040,@mattfoster2010 Happy Monday to you too my dear friend! ğŸ˜ƒğŸ¤—,carol08156,"Iâ€™m married and I have 3 grown children,& my husbandâ€™s name is Gary. I live Hamilton New Jersey.","Trenton, NJ",2019-02-18 10:20:39,True,,,
,1097516102949564416,"No she wonâ€™t! Because Iâ€™ll tell her if she does get mad, Iâ€™ll put her someplace worse!!! lol ğŸ˜‚ https://t.co/vttnaC1BlV",carol08156,"Iâ€™m married and I have 3 grown children,& my husbandâ€™s name is Gary. I live Hamilton New Jersey.","Trenton, NJ",2019-02-18 10:20:04,True,,,
,1097500298535411712,@WoodsCher Good Morning Sweetie! Happy Monday! I hope you both have a really wonderful day honey! Love you! https://t.co/ze004JdI9u,carol08156,"Iâ€™m married and I have 3 grown children,& my husbandâ€™s name is Gary. I live Hamilton New Jersey.","Trenton, NJ",2019-02-18 09:17:16,True,,,
,1097498280534134786,@bethreamer Iâ€™ll have to put her in detention!! ğŸ˜‚ lol,carol08156,"Iâ€™m married and I have 3 grown children,& my husbandâ€™s name is Gary. I live Hamilton New Jersey.","Trenton, NJ",2019-02-18 09:09:15,True,,,
,1097495043269627904,@bethreamer @rick_rica @michepietracupa @donnascalise @Milo_who @SJarackas @Alexandreaa @AlloccaMirella @anitakearney65 @mothermission @giselessecret Iâ€™ll have to put her in detention!  Lol ğŸ˜‚,carol08156,"Iâ€™m married and I have 3 grown children,& my husbandâ€™s name is Gary. I live Hamilton New Jersey.","Trenton, NJ",2019-02-18 08:56:23,True,,,
,1097494655959212032,@bethreamer @rick_rica @michepietracupa @donnascalise @Milo_who @SJarackas @Alexandreaa @AlloccaMirella @anitakearney65 @mothermission @giselessecret Oh my goodness!! You all need a break from all the snow your getting! Have to talk to Mother Nature about this! Sheâ€™s not playing fair!! Lol ğŸ˜‚,carol08156,"Iâ€™m married and I have 3 grown children,& my husbandâ€™s name is Gary. I live Hamilton New Jersey.","Trenton, NJ",2019-02-18 08:54:51,True,,,
,1097493342705893376,@eepeters_ep Good Morning To All My #TwitterFamily Too!!! https://t.co/yqBTnujrQD,carol08156,"Iâ€™m married and I have 3 grown children,& my husbandâ€™s name is Gary. I live Hamilton New Jersey.","Trenton, NJ",2019-02-18 08:49:37,True,,,
,1097493063537176577,Good Morning Honey! I hope you have a wonderful day! Prayers for all your family honey! Love you!!! ğŸ™‹ğŸ¼â€â™€ï¸ğŸ˜ƒğŸ¤—ğŸ˜ğŸ¥°ğŸ˜˜â™¥ï¸â¤ï¸ğŸ’ğŸŒ¹ https://t.co/JqB5w7iNVC,carol08156,"Iâ€™m married and I have 3 grown children,& my husbandâ€™s name is Gary. I live Hamilton New Jersey.","Trenton, NJ",2019-02-18 08:48:31,True,,,
,1097492770141466626,Your very welcome sis! And thank you too sis! Hugs and love! â™¥ï¸ğŸ¤—â™¥ï¸ https://t.co/eM0zrvRexG,carol08156,"Iâ€™m married and I have 3 grown children,& my husbandâ€™s name is Gary. I live Hamilton New Jersey.","Trenton, NJ",2019-02-18 08:47:21,True,,,
,1097482954480193536,"@ClockworkHamma Good Morning Sis,&amp; Thank you! I too hope you and our #Family have a really great day too! Hugs and love to you too sis! â™¥ï¸ğŸ¤—â™¥ï¸",carol08156,"Iâ€™m married and I have 3 grown children,& my husbandâ€™s name is Gary. I live Hamilton New Jersey.","Trenton, NJ",2019-02-18 08:08:21,True,,,
,1097479873633898497,"Good Morning Steve,&amp; Thank you! It is going to be a great day,&amp; Iâ€™ll do my best to make my day count! Blessings to all! ğŸ˜ƒğŸ¤—ğŸ’ https://t.co/zXkIbRYBS0",carol08156,"Iâ€™m married and I have 3 grown children,& my husbandâ€™s name is Gary. I live Hamilton New Jersey.","Trenton, NJ",2019-02-18 07:56:06,True,,,
,1097479563435749381,I love you more honey! ğŸ˜ƒğŸ¤—ğŸ¥°ğŸ˜ğŸ˜˜ğŸ’ğŸ’ğŸ’ğŸŒ¹ https://t.co/PrVyswYMQP,carol08156,"Iâ€™m married and I have 3 grown children,& my husbandâ€™s name is Gary. I live Hamilton New Jersey.","Trenton, NJ",2019-02-18 07:54:52,True,,,
,1097478746523734016,"@LauriePayne79 Good Morning Sweetie! Iâ€™m happy that your going back to work, but I can certainly understand your missing your hubby and furbabies. I hope you and all have a wonderful day honey! I love you honey! https://t.co/JgY0yr2ncl",carol08156,"Iâ€™m married and I have 3 grown children,& my husbandâ€™s name is Gary. I live Hamilton New Jersey.","Trenton, NJ",2019-02-18 07:51:37,True,,,
,1097475987841925120,Sending big hugs right back to you too honey! ğŸ˜ƒğŸ¤—ğŸ¥°ğŸ˜ğŸ˜˜ https://t.co/5fGKKnVxUy,carol08156,"Iâ€™m married and I have 3 grown children,& my husbandâ€™s name is Gary. I live Hamilton New Jersey.","Trenton, NJ",2019-02-18 07:40:40,True,,,
,1097473923053178881,Good Morning Honey! Love you honey! ğŸ˜ƒğŸ¤—ğŸ¥°ğŸ˜ğŸ˜˜â™¥ï¸â¤ï¸ğŸ’ğŸŒ¹ https://t.co/psp0vxuA4J,carol08156,"Iâ€™m married and I have 3 grown children,& my husbandâ€™s name is Gary. I live Hamilton New Jersey.","Trenton, NJ",2019-02-18 07:32:27,True,,,
,1097473565673299968,Thank you honey! Love and hugs from Peanut and me to Ange and you both! ğŸ¶ğŸ•ğŸ¾ğŸŒºğŸŒ¸ğŸŒ·ğŸŒ¹ğŸ˜ƒğŸ¤—ğŸ¥°ğŸ˜ğŸ˜˜â™¥ï¸â¤ï¸ğŸ’ https://t.co/RqHzabHo9O,carol08156,"Iâ€™m married and I have 3 grown children,& my husbandâ€™s name is Gary. I live Hamilton New Jersey.","Trenton, NJ",2019-02-18 07:31:02,True,,,
,1097473243697561602,"@debratankersle1 Good Morning Sweetie,&amp; Thank you honey! https://t.co/ti2w70R5aV",carol08156,"Iâ€™m married and I have 3 grown children,& my husbandâ€™s name is Gary. I live Hamilton New Jersey.","Trenton, NJ",2019-02-18 07:29:46,True,,,
,1097472938880786432,@nathalie_mounir Good Morning Sweetie! Happy Monday! I hope you have a wonderful day! https://t.co/8RYAligGQ4,carol08156,"Iâ€™m married and I have 3 grown children,& my husbandâ€™s name is Gary. I live Hamilton New Jersey.","Trenton, NJ",2019-02-18 07:28:33,True,,,
,1097472699306295296,@JackConnie Good Morning Sweetie! Happy Monday! I hope you have a wonderful day! https://t.co/Xxh83AVWFF,carol08156,"Iâ€™m married and I have 3 grown children,& my husbandâ€™s name is Gary. I live Hamilton New Jersey.","Trenton, NJ",2019-02-18 07:27:36,True,,,
,1097472515792879617,@YR_Deeva @suwannabug @RhondaStadler @BabblinBrooks98 @WINDSONG58 Good Morning Everyone! Happy Monday! I hope you all have a wonderful day! https://t.co/fFFjZBR0QW,carol08156,"Iâ€™m married and I have 3 grown children,& my husbandâ€™s name is Gary. I live Hamilton New Jersey.","Trenton, NJ",2019-02-18 07:26:52,True,,,
,1097472280848945152,@LauriePayne79 @SteveDunfee @JMJ8969 @mattfoster2010 @bethreamer @WoodsCher Good Morning Everyone! Happy Monday! I hope you all have a wonderful day! https://t.co/Uycy5r08na,carol08156,"Iâ€™m married and I have 3 grown children,& my husbandâ€™s name is Gary. I live Hamilton New Jersey.","Trenton, NJ",2019-02-18 07:25:56,True,,,
,1097470943755153408,@ClockworkHamma @eepeters_ep @Peeperpea29 @MarieSoapFan @KIPPSI1 Good Morning Everyone! Happy Monday! I hope you all have a wonderful day! https://t.co/jvoE7V3vVC,carol08156,"Iâ€™m married and I have 3 grown children,& my husbandâ€™s name is Gary. I live Hamilton New Jersey.","Trenton, NJ",2019-02-18 07:20:37,True,,,
,1097470239137251330,@donnascalise @michepietracupa @anitakearney65 @rick_rica @debratankersle1 @SJarackas @mothermission @AlloccaMirella Good Morning Everyone! Happy Monday! I hope you all have a wonderful day! https://t.co/vsYyNoM0Wz,carol08156,"Iâ€™m married and I have 3 grown children,& my husbandâ€™s name is Gary. I live Hamilton New Jersey.","Trenton, NJ",2019-02-18 07:17:49,True,,,
,1097454681687756800,@jimdonovancbs3 @RahelCBS3 @katiefehlingerCBS3 @ChandlerCBS3 Good Morning Everyone! Happy Monday! Nothingâ€™s Better Than Waking Up With CBS3 And You! Have A Really Wonderful Day Everyone! https://t.co/xqBDexSdLx,carol08156,"Iâ€™m married and I have 3 grown children,& my husbandâ€™s name is Gary. I live Hamilton New Jersey.","Trenton, NJ",2019-02-18 06:16:00,True,,,
,1097453186695249920,@jimdonovancbs3 Good Morning Jim! Just had to tell you that I love your tie!!! Very â€œPresidential lookingâ€!!! Iâ€™ll see you in class later on. Have A Really Wonderful Day! ğŸ˜ƒ,carol08156,"Iâ€™m married and I have 3 grown children,& my husbandâ€™s name is Gary. I live Hamilton New Jersey.","Trenton, NJ",2019-02-18 06:10:04,True,,,
,1097303079588978690,"Your very welcome sis,&amp; right back to you and our #Family too! Hugs and love! â™¥ï¸ğŸ¤—â™¥ï¸ https://t.co/bKw5YbS3YM",carol08156,"Iâ€™m married and I have 3 grown children,& my husbandâ€™s name is Gary. I live Hamilton New Jersey.","Trenton, NJ",2019-02-17 20:13:35,True,,,
,1097301395626250241,Good Evening and your very welcome sis! I too wish you and our #Family a really wonderful relaxing evening too! Hugs and love! â™¥ï¸ğŸ¤—â™¥ï¸ https://t.co/wNhzOvpSJD,carol08156,"Iâ€™m married and I have 3 grown children,& my husbandâ€™s name is Gary. I live Hamilton New Jersey.","Trenton, NJ",2019-02-17 20:06:54,True,,,
,1097297707834753024,Happy Sunday Evening #Family! I hope you all have a really wonderful relaxing evening!!! â™¥ï¸ğŸ¤—â™¥ï¸ https://t.co/4WSgPvJMg1,carol08156,"Iâ€™m married and I have 3 grown children,& my husbandâ€™s name is Gary. I live Hamilton New Jersey.","Trenton, NJ",2019-02-17 19:52:15,True,,,
,1097297502225739777,@eepeters_ep Good Evening Honey! That dinner looks so delicious! Iâ€™m so glad your both relaxing and I hope you both have a really nice relaxing evening too! Love you honey!!! https://t.co/pJ7TNz6q1Q,carol08156,"Iâ€™m married and I have 3 grown children,& my husbandâ€™s name is Gary. I live Hamilton New Jersey.","Trenton, NJ",2019-02-17 19:51:25,True,,,
,1097276737392701441,Iâ€™ll believe it when itâ€™s confirmed or I see it!!! #Y&amp;R https://t.co/d8SDq4Oy8T,carol08156,"Iâ€™m married and I have 3 grown children,& my husbandâ€™s name is Gary. I live Hamilton New Jersey.","Trenton, NJ",2019-02-17 18:28:55,True,,,
,1097220113709891590,"I just loved this episode! It was so very special,&amp; I love watching #LuckyDog every Saturday morning! I love #LuckyDog and Brandon is the very best! https://t.co/DxBXrUnl60",carol08156,"Iâ€™m married and I have 3 grown children,& my husbandâ€™s name is Gary. I live Hamilton New Jersey.","Trenton, NJ",2019-02-17 14:43:55,True,,,
,1097198871577616384,@BrandonMcMillan Iâ€™ll be watching this too! It is such a great cause and a great show too!!! ğŸ˜ƒğŸ¤—,carol08156,"Iâ€™m married and I have 3 grown children,& my husbandâ€™s name is Gary. I live Hamilton New Jersey.","Trenton, NJ",2019-02-17 13:19:30,True,,,
,1097197956015509504,"Your very welcome honey,&amp; I thank you too honey! â™¥ï¸â¤ï¸ğŸ’ğŸ˜ƒğŸ¤—ğŸ¥°ğŸ˜ğŸ˜˜ğŸŒ¹ https://t.co/VliR9hn6jW",carol08156,"Iâ€™m married and I have 3 grown children,& my husbandâ€™s name is Gary. I live Hamilton New Jersey.","Trenton, NJ",2019-02-17 13:15:52,True,,,
,1097182106701230080,"@michepietracupa Good Morning Sweetie! Happy Sunday! I hope you have a really wonderful day,&amp; please stay safe and warm too. I love you honey! https://t.co/zaMtT1bKGf",carol08156,"Iâ€™m married and I have 3 grown children,& my husbandâ€™s name is Gary. I live Hamilton New Jersey.","Trenton, NJ",2019-02-17 12:12:53,True,,,
,1097171725270347776,"Thank you Steve,&amp; Happy Sunday to you too. Your very welcome my dear friend! â¤ï¸ğŸ¤— https://t.co/KgJ2e8K7wH",carol08156,"Iâ€™m married and I have 3 grown children,& my husbandâ€™s name is Gary. I live Hamilton New Jersey.","Trenton, NJ",2019-02-17 11:31:38,True,,,
,1097154258997260288,@anitakearney65 Good Morning Honey! How are you honey? Iâ€™m still praying and keeping good wishes for you and your mom and dad too. I hope you have a really wonderful day honey! I love you!! https://t.co/xw3Dli3RZx,carol08156,"Iâ€™m married and I have 3 grown children,& my husbandâ€™s name is Gary. I live Hamilton New Jersey.","Trenton, NJ",2019-02-17 10:22:14,True,,,
,1097152835265982464,@eepeters_ep Iâ€™m so glad it worked honey!!!ğŸ˜ƒğŸ¤—ğŸ¤—ğŸ¤—ğŸ¤—,carol08156,"Iâ€™m married and I have 3 grown children,& my husbandâ€™s name is Gary. I live Hamilton New Jersey.","Trenton, NJ",2019-02-17 10:16:34,True,,,
,1097152204442607616,@eepeters_ep Good Morning Sweetie! Iâ€™m so sorry your getting some sunshine today. Iâ€™ll send you some from me! I do hope you both have a really nice day! Please be safe and warm too! https://t.co/GkUiWne4Zx,carol08156,"Iâ€™m married and I have 3 grown children,& my husbandâ€™s name is Gary. I live Hamilton New Jersey.","Trenton, NJ",2019-02-17 10:14:04,True,,,
,1097150096217653249,"Your very welcome sis,&amp; thank you too sis! Hugs and love to you too sis! â™¥ï¸ğŸ¤—â™¥ï¸ https://t.co/ym1hIFTcb7",carol08156,"Iâ€™m married and I have 3 grown children,& my husbandâ€™s name is Gary. I live Hamilton New Jersey.","Trenton, NJ",2019-02-17 10:05:41,True,,,
,1097147746946109440,Happy Sunday and your very welcome sis! Thank you and I love your gif too. I too hope you and our #Family have a great and blessed day too. Hugs and love to you too sis. â™¥ï¸ğŸ¤—â™¥ï¸ğŸ¤—â™¥ï¸ğŸ¤—â™¥ï¸ https://t.co/q3jEMIyJCM,carol08156,"Iâ€™m married and I have 3 grown children,& my husbandâ€™s name is Gary. I live Hamilton New Jersey.","Trenton, NJ",2019-02-17 09:56:21,True,,,
,1097144677080485889,"Your very welcome honey,&amp; I thank you too honey! I too hope you and everyone has a really great day too. Big hugs from Peanut and me to Ange and you too. We love you both very much!!! â™¥ï¸â™¥ï¸â¤ï¸â¤ï¸ğŸ’ğŸ’ğŸ’ğŸ˜ƒğŸ˜ƒğŸ¤—ğŸ¤—ğŸ˜ğŸ˜ğŸ¥°ğŸ¥°ğŸ˜˜ğŸŒ¹ğŸ¶ğŸ•ğŸ¾ https://t.co/nt8L37jkYQ",carol08156,"Iâ€™m married and I have 3 grown children,& my husbandâ€™s name is Gary. I live Hamilton New Jersey.","Trenton, NJ",2019-02-17 09:44:09,True,,,
,1097144248544063489,@WoodsCher @LauriePayne79 @SteveDunfee @JMJ8969 @mattfoster2010 @bethreamer Thank you my sweet dear friend! https://t.co/QajVPBFMtQ,carol08156,"Iâ€™m married and I have 3 grown children,& my husbandâ€™s name is Gary. I live Hamilton New Jersey.","Trenton, NJ",2019-02-17 09:42:27,True,,,
,1097118615764119553,Thank you too honey! ğŸ˜ƒğŸ¤—ğŸ¥°ğŸ˜ğŸ˜˜â™¥ï¸â¤ï¸ğŸ’ğŸŒ¹ https://t.co/xcarghsEqC,carol08156,"Iâ€™m married and I have 3 grown children,& my husbandâ€™s name is Gary. I live Hamilton New Jersey.","Trenton, NJ",2019-02-17 08:00:36,True,,,
,1097118371408236544,@nathalie_mounir Good Morning Sweetie! Happy Sunday! I Hope You Have A Really Wonderful Day! https://t.co/s4OEFbtRUo,carol08156,"Iâ€™m married and I have 3 grown children,& my husbandâ€™s name is Gary. I live Hamilton New Jersey.","Trenton, NJ",2019-02-17 07:59:37,True,,,
,1097118161034465280,"@JackConnie Good Morning Sweetie,&amp; Thank you! I hope you have a really wonderful day too! https://t.co/76AdHcw3vs",carol08156,"Iâ€™m married and I have 3 grown children,& my husbandâ€™s name is Gary. I live Hamilton New Jersey.","Trenton, NJ",2019-02-17 07:58:47,True,,,
,1097117716857667585,@YR_Deeva @suwannabug @RhondaStadler @BabblinBrooks98 @WINDSONG58 Good Morning Everyone! Happy Sunday! Have A Really Wonderful Day! https://t.co/GpatcnxCH0,carol08156,"Iâ€™m married and I have 3 grown children,& my husbandâ€™s name is Gary. I live Hamilton New Jersey.","Trenton, NJ",2019-02-17 07:57:01,True,,,
,1097117454013251585,@LauriePayne79 @SteveDunfee @JMJ8969 @mattfoster2010 @bethreamer @WoodsCher Good Morning Everyone! Happy Sunday! Have A Really Wonderful Day! https://t.co/3NPpvHBVTZ,carol08156,"Iâ€™m married and I have 3 grown children,& my husbandâ€™s name is Gary. I live Hamilton New Jersey.","Trenton, NJ",2019-02-17 07:55:59,True,,,
,1097116198146326528,@ClockworkHamma @eepeters_ep @Peeperpea29 @MarieSoapFan @KIPPSI1 Good Morning Everyone! Happy Sunday! Have A Really Wonderful Day! https://t.co/PV42CBogVs,carol08156,"Iâ€™m married and I have 3 grown children,& my husbandâ€™s name is Gary. I live Hamilton New Jersey.","Trenton, NJ",2019-02-17 07:50:59,True,,,
,1097115936128147456,@donnascalise @michepietracupa @anitakearney65 @rick_rica @debratankersle1 @AlloccaMirella @mothermission @SJarackas Good Morning Everyone! Happy Sunday! Have A Really Wonderful Day! https://t.co/jC8bS5XnP9,carol08156,"Iâ€™m married and I have 3 grown children,& my husbandâ€™s name is Gary. I live Hamilton New Jersey.","Trenton, NJ",2019-02-17 07:49:57,True,,,
,1096862304250068993,That statement was priceless!! I just loved it!!! ğŸ˜‚ğŸ˜‚ğŸ˜‚ğŸ˜‚ https://t.co/mVVKmzOCKs,carol08156,"Iâ€™m married and I have 3 grown children,& my husbandâ€™s name is Gary. I live Hamilton New Jersey.","Trenton, NJ",2019-02-16 15:02:06,True,,,
,1096861897830400001,"@nathalie_mounir Good Afternoon Sweetie! Happy Saturday,&amp; thank you! I hope your having a really wonderful day! https://t.co/FzGKYDRkM8",carol08156,"Iâ€™m married and I have 3 grown children,& my husbandâ€™s name is Gary. I live Hamilton New Jersey.","Trenton, NJ",2019-02-16 15:00:29,True,,,
,1096837516525780998,Happy Saturday to you too sis! I love you honey! â™¥ï¸â¤ï¸ğŸ’ğŸ˜ƒğŸ¤—ğŸ¥°ğŸ˜ğŸ˜˜ğŸŒ¹ https://t.co/dRmoT6Lun4,carol08156,"Iâ€™m married and I have 3 grown children,& my husbandâ€™s name is Gary. I live Hamilton New Jersey.","Trenton, NJ",2019-02-16 13:23:36,True,,,
,1096788566414368768,Right back at you honey!!!! â™¥ï¸â™¥ï¸â¤ï¸â¤ï¸ğŸ’ğŸ’ğŸ˜˜ğŸ˜˜ğŸ˜˜ğŸ’¨ https://t.co/dkmGusWJjH,carol08156,"Iâ€™m married and I have 3 grown children,& my husbandâ€™s name is Gary. I live Hamilton New Jersey.","Trenton, NJ",2019-02-16 10:09:06,True,,,
,1096788410969276422,"Good Morning Honey!  Iâ€™m a little bit better, but Iâ€™m still taking it slow and easy. Thank you for all the big hugs from Ange and you, and peanut and I are sending Ange and you all our love too. We love you both very much honey. ğŸ¶ğŸ•ğŸ¾ğŸŒºğŸŒ¸ğŸŒ·ğŸŒ¹â™¥ï¸â¤ï¸ğŸ’ğŸ˜ƒğŸ¤—ğŸ¥°ğŸ˜ğŸ˜˜ https://t.co/zX3exKCT2d",carol08156,"Iâ€™m married and I have 3 grown children,& my husbandâ€™s name is Gary. I live Hamilton New Jersey.","Trenton, NJ",2019-02-16 10:08:29,True,,,
,1096787875344068609,Good Morning Honey! Iâ€™m so sorry youâ€™re getting such awful weather honey. Iâ€™ll be praying that tonight wonâ€™t be as bad either. I too hope you and everyone has a really wonderful day too! Love you honey!!! â™¥ï¸â¤ï¸ğŸ’ğŸŒºğŸŒ¸ğŸŒ·ğŸŒ¹ğŸ˜ƒğŸ¤—ğŸ¥°ğŸ˜ğŸ˜˜ https://t.co/yaaLmAMOPk,carol08156,"Iâ€™m married and I have 3 grown children,& my husbandâ€™s name is Gary. I live Hamilton New Jersey.","Trenton, NJ",2019-02-16 10:06:21,True,,,
,1096771906731159552,@anitakearney65 Good Morning Sweetie! Happy Saturday! Wishing You and All A Really Great Day too! https://t.co/eeXURxLOfh,carol08156,"Iâ€™m married and I have 3 grown children,& my husbandâ€™s name is Gary. I live Hamilton New Jersey.","Trenton, NJ",2019-02-16 09:02:54,True,,,
,1096771518011453440,Your very welcome! I too am wishing you and everyone a really blessed and wonderful weekend too! ğŸ˜ƒğŸ¤— https://t.co/kaB0eSBJSL,carol08156,"Iâ€™m married and I have 3 grown children,& my husbandâ€™s name is Gary. I live Hamilton New Jersey.","Trenton, NJ",2019-02-16 09:01:21,True,,,
,1096771334485479425,"@debratankersle1 Good Morning Sweetie,&amp; Thank you honey! https://t.co/Ca7W0TgyF7",carol08156,"Iâ€™m married and I have 3 grown children,& my husbandâ€™s name is Gary. I live Hamilton New Jersey.","Trenton, NJ",2019-02-16 09:00:37,True,,,
,1096763453988130817,@mattfoster2010 your very welcome my dear friend! ğŸ˜ƒğŸ¤—,carol08156,"Iâ€™m married and I have 3 grown children,& my husbandâ€™s name is Gary. I live Hamilton New Jersey.","Trenton, NJ",2019-02-16 08:29:18,True,,,
,1096760156908670977,"@mattfoster2010 Thank you,&amp; Happy Saturday to you too my dear friend! ğŸ˜ƒğŸ¤—",carol08156,"Iâ€™m married and I have 3 grown children,& my husbandâ€™s name is Gary. I live Hamilton New Jersey.","Trenton, NJ",2019-02-16 08:16:12,True,,,
,1096760039593951233,Good Morning Honey! And thank you! Happy Saturday to you too honey! ğŸ˜ƒğŸ¥°ğŸ˜ğŸ˜˜â™¥ï¸â¤ï¸ğŸ’ğŸŒ¹ https://t.co/TA2fJqBEkP,carol08156,"Iâ€™m married and I have 3 grown children,& my husbandâ€™s name is Gary. I live Hamilton New Jersey.","Trenton, NJ",2019-02-16 08:15:44,True,,,
,1096759854872580096,"Happy Saturday to you too sis,&amp; your very welcome. Thank you,&amp; I love your gif too. I too hope you and our #Family have a really great day too! Hugs and love to you too sis,&amp; Everyone. â™¥ï¸ğŸ¤—â™¥ï¸ https://t.co/IxPdqn117S",carol08156,"Iâ€™m married and I have 3 grown children,& my husbandâ€™s name is Gary. I live Hamilton New Jersey.","Trenton, NJ",2019-02-16 08:15:00,True,,,
,1096759507701649408,@nathalie_mounir Good Morning Sweetie! Happy Saturday! Have A Really Wonderful Day! https://t.co/PVp1jFFODQ,carol08156,"Iâ€™m married and I have 3 grown children,& my husbandâ€™s name is Gary. I live Hamilton New Jersey.","Trenton, NJ",2019-02-16 08:13:38,True,,,
,1096759155979939840,@JackConnie Good Morning Sweetie! Happy Saturday! Have A Really Wonderful Day! https://t.co/GUPf6qTPij,carol08156,"Iâ€™m married and I have 3 grown children,& my husbandâ€™s name is Gary. I live Hamilton New Jersey.","Trenton, NJ",2019-02-16 08:12:14,True,,,
,1096758958960848897,@YR_Deeva @suwannabug @RhondaStadler @BabblinBrooks98 @WINDSONG58 Good Morning Everyone! Happy Saturday! Have A Really Wonderful Day! https://t.co/cWK9zQzKM0,carol08156,"Iâ€™m married and I have 3 grown children,& my husbandâ€™s name is Gary. I live Hamilton New Jersey.","Trenton, NJ",2019-02-16 08:11:27,True,,,
,1096758670136954881,@LauriePayne79 @SteveDunfee @JMJ8969 @mattfoster2010 @bethreamer @WoodsCher Good Morning Everyone! Happy Saturday! Have A Really Wonderful Day! https://t.co/BE3Xe2lnjS,carol08156,"Iâ€™m married and I have 3 grown children,& my husbandâ€™s name is Gary. I live Hamilton New Jersey.","Trenton, NJ",2019-02-16 08:10:18,True,,,
,1096757775387017222,@ClockworkHamma @eepeters_ep @Peeperpea29 @MarieSoapFan @KIPPSI1 Good Morning Everyone! Happy Saturday! Have A Really Wonderful Day! https://t.co/VbgTso3ny6,carol08156,"Iâ€™m married and I have 3 grown children,& my husbandâ€™s name is Gary. I live Hamilton New Jersey.","Trenton, NJ",2019-02-16 08:06:45,True,,,
,1096757336125919232,@donnascalise @michepietracupa @anitakearney65 @rick_rica @debratankersle1 @mothermission @AlloccaMirella @SJarackas Good Morning Everyone! Happy Saturday! Have A Really Wonderful Day! https://t.co/83vyxUdO6a,carol08156,"Iâ€™m married and I have 3 grown children,& my husbandâ€™s name is Gary. I live Hamilton New Jersey.","Trenton, NJ",2019-02-16 08:05:00,True,,,
,1096518941701300225,Thank you honey. I sure hope I get better really soon too. I love you honey. ğŸ˜ƒğŸ¤—ğŸ¥°ğŸ˜ğŸ˜˜â™¥ï¸â¤ï¸ğŸ’ğŸ‘ğŸ»ğŸŒ¹ https://t.co/bfuIw7gVjY,carol08156,"Iâ€™m married and I have 3 grown children,& my husbandâ€™s name is Gary. I live Hamilton New Jersey.","Trenton, NJ",2019-02-15 16:17:42,True,,,
,1096483294328381441,@michepietracupa day and have a really great weekend too! I love you honey! https://t.co/m016kYLQBm,carol08156,"Iâ€™m married and I have 3 grown children,& my husbandâ€™s name is Gary. I live Hamilton New Jersey.","Trenton, NJ",2019-02-15 13:56:03,True,,,
,1096482904593649664,"@michepietracupa Hi honey! Iâ€™m so sorry that I didnâ€™t tweet Everyone individually, but I woke up feeling hot and cold,&amp; aching all over,&amp; Iâ€™m running a fever too. I really just hope your doing well,&amp; being careful while your out in all that snow! I hope you have a really great",carol08156,"Iâ€™m married and I have 3 grown children,& my husbandâ€™s name is Gary. I live Hamilton New Jersey.","Trenton, NJ",2019-02-15 13:54:30,True,,,
,1096446858547945472,Their TOTALLY PERFECT!! â™¥ï¸â™¥ï¸ğŸ˜ğŸ˜ https://t.co/ea3qHp73GU,carol08156,"Iâ€™m married and I have 3 grown children,& my husbandâ€™s name is Gary. I live Hamilton New Jersey.","Trenton, NJ",2019-02-15 11:31:16,True,,,
,1096446049646985217,"@jimdonovancbs3 Hi Jim. Iâ€™m so sorry I wasnâ€™t in clas today, but I woke up feeling hot and cold and Iâ€™m aching all over too. Iâ€™ve got a fever now too. But I do wish you a really wonderful day and Weekend too! Iâ€™ll look forward to seeing you in class on Monday! ğŸ˜ƒğŸ¤—",carol08156,"Iâ€™m married and I have 3 grown children,& my husbandâ€™s name is Gary. I live Hamilton New Jersey.","Trenton, NJ",2019-02-15 11:28:03,True,,,
,1096428142653333510,"Jim, your find a way to top this! Your a genius,&amp; so multitalented too!! ğŸ˜ƒğŸ‘ğŸ»ğŸ‘ğŸ» https://t.co/wcnJv1ME7y",carol08156,"Iâ€™m married and I have 3 grown children,& my husbandâ€™s name is Gary. I live Hamilton New Jersey.","Trenton, NJ",2019-02-15 10:16:54,True,,,
,1096426921980760065,@WoodsCher Thank you honey so very much. I really hope that you both have a really great day and Weekend too! I love you both!!! https://t.co/7RXAcVYpwp,carol08156,"Iâ€™m married and I have 3 grown children,& my husbandâ€™s name is Gary. I live Hamilton New Jersey.","Trenton, NJ",2019-02-15 10:12:03,True,,,
,1096411241080336384,"@jimdonovancbs3 Hi Jim. Iâ€™m so sorry I missed class today, but I woke up feeling hot and cold and aching all over. I want to wish you a Really Great Day and Weekend too! Iâ€™ll look forward to seeing you in class on Monday! https://t.co/OwkUQxvgo5",carol08156,"Iâ€™m married and I have 3 grown children,& my husbandâ€™s name is Gary. I live Hamilton New Jersey.","Trenton, NJ",2019-02-15 09:09:44,True,,,
,1096410516275236865,"@KIPPSI1 @WINDSONG58 Thank you honey so very much. Big hugs from Peanut and me,&amp; all our love to Ange and you both. ğŸ˜ƒğŸ¤—ğŸ¥°ğŸ˜ğŸ˜˜ğŸŒºğŸŒ¸ğŸŒ·ğŸŒ¹ğŸ¶ğŸ•ğŸ¾â™¥ï¸â¤ï¸ğŸ’",carol08156,"Iâ€™m married and I have 3 grown children,& my husbandâ€™s name is Gary. I live Hamilton New Jersey.","Trenton, NJ",2019-02-15 09:06:52,True,,,
,1096409674818248704,@eepeters_ep Good Morning Sweetie! And Thank you. I hope you have a really wonderful day and Weekend too. I love you! https://t.co/uC9OvJCfAC,carol08156,"Iâ€™m married and I have 3 grown children,& my husbandâ€™s name is Gary. I live Hamilton New Jersey.","Trenton, NJ",2019-02-15 09:03:31,True,,,
,1096409448006995970,"#ff @KIPPSI1 @WINDSONG58 . Iâ€™m so sorry everyone, but I woke up feeling hot and cold and Iâ€™m aching all over too. I just wanted to wish you all a Really Great Day and Weekend too. I love you all. https://t.co/NkLWYbfmTc",carol08156,"Iâ€™m married and I have 3 grown children,& my husbandâ€™s name is Gary. I live Hamilton New Jersey.","Trenton, NJ",2019-02-15 09:02:37,True,,,
,1096408967809507329,#@donnascalise @michepietracupa @anitakearney65 @LauriePayne79 @MarieSoapFan @SteveDunfee @RhondaStadler @ClockworkHamma @debratankersle1 @bethreamer @mothermission @mothermission @mattfoster2010 @Peeperpea29 @eepeters_ep @AlloccaMirella @JMJ8969 @WoodsCher @BabblinBrooks98 @,carol08156,"Iâ€™m married and I have 3 grown children,& my husbandâ€™s name is Gary. I live Hamilton New Jersey.","Trenton, NJ",2019-02-15 09:00:42,True,,,
,1096407737129451520,"To All My Twitter #Family, Iâ€™m sick today so I wonâ€™t be tweeting today, but please know I wish you all a Really Great Day and Weekend too! I love you all. https://t.co/2BhManDEW5",carol08156,"Iâ€™m married and I have 3 grown children,& my husbandâ€™s name is Gary. I live Hamilton New Jersey.","Trenton, NJ",2019-02-15 08:55:49,True,,,
,1096076422194622471,@WoodsCher You have a Really Great Day too honey! And thank you! https://t.co/Z17Lc6eKGl,carol08156,"Iâ€™m married and I have 3 grown children,& my husbandâ€™s name is Gary. I live Hamilton New Jersey.","Trenton, NJ",2019-02-14 10:59:17,True,,,
,1096063841979502598,@nathalie_mounir Thank you honey so very much! https://t.co/fCMMf0io9n,carol08156,"Iâ€™m married and I have 3 grown children,& my husbandâ€™s name is Gary. I live Hamilton New Jersey.","Trenton, NJ",2019-02-14 10:09:18,True,,,
,1096052755549114368,@AlloccaMirella Good Morning Sweetie! Happy Birthday Honey! I Hope you have the best day ever! I love you honey! https://t.co/v3K3F28Tne,carol08156,"Iâ€™m married and I have 3 grown children,& my husbandâ€™s name is Gary. I live Hamilton New Jersey.","Trenton, NJ",2019-02-14 09:25:15,True,,,
,1096052448677060610,"@eepeters_ep Good Morning Sweetie,&amp; thank you! I too wish you and everyone a really wonderful day,&amp; A Very Happy Valentines Day too! https://t.co/7nPUg3prJ2",carol08156,"Iâ€™m married and I have 3 grown children,& my husbandâ€™s name is Gary. I live Hamilton New Jersey.","Trenton, NJ",2019-02-14 09:24:02,True,,,
,1096028921831804928,@suwannabug Thank you honey! I will! You enjoy your day as well! Love you honey! https://t.co/WVD7TCQBgv,carol08156,"Iâ€™m married and I have 3 grown children,& my husbandâ€™s name is Gary. I live Hamilton New Jersey.","Trenton, NJ",2019-02-14 07:50:32,True,,,
,1096028740507832321,"@mattfoster2010 Your very welcome my dear friend,&amp; I thank you too!!! ğŸ˜ƒğŸ¤—ğŸ’",carol08156,"Iâ€™m married and I have 3 grown children,& my husbandâ€™s name is Gary. I live Hamilton New Jersey.","Trenton, NJ",2019-02-14 07:49:49,True,,,
,1096027820319559681,@mattfoster2010 Happy Thursday to you too my dear friend! https://t.co/xmIF0pCU8T,carol08156,"Iâ€™m married and I have 3 grown children,& my husbandâ€™s name is Gary. I live Hamilton New Jersey.","Trenton, NJ",2019-02-14 07:46:10,True,,,
,1096027429720727554,@suwannabug Thank you honey! Happy Valentines Day to you too honey! https://t.co/l9SibSL54G,carol08156,"Iâ€™m married and I have 3 grown children,& my husbandâ€™s name is Gary. I live Hamilton New Jersey.","Trenton, NJ",2019-02-14 07:44:37,True,,,
,1096023613587800065,"Good Morning Steve,&amp; thank you! Happy Valentines Day To you and all our #Family too! I too pray that everyoneâ€™s day is very special as they are all so very special too! â™¥ï¸ https://t.co/QdLMKLdtmM",carol08156,"Iâ€™m married and I have 3 grown children,& my husbandâ€™s name is Gary. I live Hamilton New Jersey.","Trenton, NJ",2019-02-14 07:29:27,True,,,
,1096020555558457350,@debratankersle1 Thank you honey so very much! I love you honey! Have A Really Great Valentines Day! https://t.co/RjBS4q4pQf,carol08156,"Iâ€™m married and I have 3 grown children,& my husbandâ€™s name is Gary. I live Hamilton New Jersey.","Trenton, NJ",2019-02-14 07:17:18,True,,,
,1096020033694846976,Thank you honey. And thank you for the beautiful Valentines Day Wishes too! Big hugs to You and Ange from Peanut and me! We love you both very much honey. â™¥ï¸â™¥ï¸â™¥ï¸â™¥ï¸ğŸ˜ƒğŸ¥°ğŸ˜ğŸ˜˜ğŸ¶ğŸ•ğŸ¾ğŸŒºğŸŒ¸ğŸŒ·ğŸŒ¹ https://t.co/6yMdgNNZRE,carol08156,"Iâ€™m married and I have 3 grown children,& my husbandâ€™s name is Gary. I live Hamilton New Jersey.","Trenton, NJ",2019-02-14 07:15:13,True,,,
,1096019086503493632,@nathalie_mounir Good Morning Sweetie! Happy Thursday and Happy Valentines Day Too! Have A Really Great Day! https://t.co/neU7lpcq7p,carol08156,"Iâ€™m married and I have 3 grown children,& my husbandâ€™s name is Gary. I live Hamilton New Jersey.","Trenton, NJ",2019-02-14 07:11:27,True,,,
,1096018936838144001,@JackConnie Good Morning Sweetie! Happy Thursday and Happy Valentines Day too! Have A Really Great Day! https://t.co/51BYvjI7MZ,carol08156,"Iâ€™m married and I have 3 grown children,& my husbandâ€™s name is Gary. I live Hamilton New Jersey.","Trenton, NJ",2019-02-14 07:10:52,True,,,
,1096018765546962946,@YR_Deeva @suwannabug @RhondaStadler @BabblinBrooks98 @WINDSONG58 Good Morning Everyone! Happy Thursday and Happy Valentines Day too! Have A Really Great Day! https://t.co/c5auymTmjH,carol08156,"Iâ€™m married and I have 3 grown children,& my husbandâ€™s name is Gary. I live Hamilton New Jersey.","Trenton, NJ",2019-02-14 07:10:11,True,,,
,1096018507270156288,"@LauriePayne79 @SteveDunfee @JMJ8969 @mattfoster2010 @bethreamer @WoodsCher Good Morning Everyone! Happy Thursday,&amp; Happy Valentines Day, too! Have A Really Great Day! https://t.co/7TOG5KVmbE",carol08156,"Iâ€™m married and I have 3 grown children,& my husbandâ€™s name is Gary. I live Hamilton New Jersey.","Trenton, NJ",2019-02-14 07:09:09,True,,,
,1096018215644422145,"@ClockworkHamma @eepeters_ep @Peeperpea29 @MarieSoapFan @KIPPSI1 Good Morning Everyone! Happy Thursday,&amp; Happy Valentines Day, too! Have A Really Great Day! https://t.co/jhEmpuZdlU",carol08156,"Iâ€™m married and I have 3 grown children,& my husbandâ€™s name is Gary. I live Hamilton New Jersey.","Trenton, NJ",2019-02-14 07:08:00,True,,,
,1096017854263164931,"@donnascalise @michepietracupa @anitakearney65 @rick_rica @debratankersle1 @SJarackas @mothermission @AlloccaMirella Good Morning Everyone! Happy Thursday,&amp; Happy Valentines Day too! Have A Really Great Day! https://t.co/BSKuqOAIA5",carol08156,"Iâ€™m married and I have 3 grown children,& my husbandâ€™s name is Gary. I live Hamilton New Jersey.","Trenton, NJ",2019-02-14 07:06:34,True,,,
,1095860519620235264,"I understand you perfectly. Iâ€™m so sorry honey. I hope you can get a good nights sleep. Iâ€™ll be praying for you, and I really love you too. ğŸ™ğŸ»ğŸ™ğŸ»ğŸ˜ƒğŸ¥°ğŸ˜˜ğŸ’ https://t.co/Nfo0Blq3Eb",carol08156,"Iâ€™m married and I have 3 grown children,& my husbandâ€™s name is Gary. I live Hamilton New Jersey.","Trenton, NJ",2019-02-13 20:41:22,True,,,
,1095858629914316802,"@anitakearney65 Honey, Iâ€™m so very sorry for what I said. I just hope that you can forgive me. I would never ever want to hurt you. I love you honey. ğŸ˜”ğŸ˜ğŸ˜¢",carol08156,"Iâ€™m married and I have 3 grown children,& my husbandâ€™s name is Gary. I live Hamilton New Jersey.","Trenton, NJ",2019-02-13 20:33:52,True,,,
,1095851391237713920,@anitakearney65 Iâ€™m so sorry honey! I didnâ€™t mean to say something I shouldnâ€™t have. Please forgive me honey. Iâ€™m truly sorry. I feel really bad now. Iâ€™m so very sorry. ğŸ˜ğŸ˜”ğŸ˜¢,carol08156,"Iâ€™m married and I have 3 grown children,& my husbandâ€™s name is Gary. I live Hamilton New Jersey.","Trenton, NJ",2019-02-13 20:05:06,True,,,
,1095849988335251456,"@anitakearney65 I was 14 years old. It was so traumatic, I blocked it out for many years until one day my mom said something that brought the whole thing back to me. When he found out my kids were handicapped, he told me I couldnâ€™t call, write visit or mail a letter to my mom. It lasted 4 6",carol08156,"Iâ€™m married and I have 3 grown children,& my husbandâ€™s name is Gary. I live Hamilton New Jersey.","Trenton, NJ",2019-02-13 19:59:31,True,,,
,1095849459249020928,"@anitakearney65 Oh honey, thatâ€™s awful! Iâ€™m so very sorry honey. My dad was a â€œChristian â€œ too, but he told me everyday since the time I was 3, that I was stupid, a jerk, I couldnâ€™t do anything right, I would never amount to anything,&amp; that I shouldnâ€™t have been born. He also molested me when",carol08156,"Iâ€™m married and I have 3 grown children,& my husbandâ€™s name is Gary. I live Hamilton New Jersey.","Trenton, NJ",2019-02-13 19:57:25,True,,,
,1095848548170649600,@anitakearney65 really apologize if I did! Iâ€™d never ever want to hurt or offend you honey. I love you honey. ğŸ˜ƒğŸ˜ğŸ¥°ğŸ˜˜â™¥ï¸ğŸ’ğŸŒ¹,carol08156,"Iâ€™m married and I have 3 grown children,& my husbandâ€™s name is Gary. I live Hamilton New Jersey.","Trenton, NJ",2019-02-13 19:53:48,True,,,
,1095846343967428614,"@anitakearney65 Good Evening Honey. I hope that you didnâ€™t mind the comment I put on what you said about Christians being hypocrites. I am  Christian, but I donâ€™t go around being a hypocrite. Iâ€™m just being me! I just want to make sure I didnâ€™t offend U by what I said. I",carol08156,"Iâ€™m married and I have 3 grown children,& my husbandâ€™s name is Gary. I live Hamilton New Jersey.","Trenton, NJ",2019-02-13 19:45:02,True,,,
,1095776865174908928,That works for me too!!! ğŸ˜ƒğŸ¤— https://t.co/V7jkCzMy4g,carol08156,"Iâ€™m married and I have 3 grown children,& my husbandâ€™s name is Gary. I live Hamilton New Jersey.","Trenton, NJ",2019-02-13 15:08:57,True,,,
,1095731215670435840,@JMJ8969 Good Afternoon Sweetie! I hope you and all our #Family are having a really great day! I love you all!! https://t.co/abjMvZ9qvF,carol08156,"Iâ€™m married and I have 3 grown children,& my husbandâ€™s name is Gary. I live Hamilton New Jersey.","Trenton, NJ",2019-02-13 12:07:34,True,,,
,1095724670383542274,"Good Morning and your very welcome sis! Thank you,&amp; I love your GIF too. I too hope you and all our #Family have a really great day too. Hugs and love to you all! â™¥ï¸â™¥ï¸ğŸ¤—ğŸ¤—â™¥ï¸â™¥ï¸ https://t.co/b3c62xpMxT",carol08156,"Iâ€™m married and I have 3 grown children,& my husbandâ€™s name is Gary. I live Hamilton New Jersey.","Trenton, NJ",2019-02-13 11:41:33,True,,,
